game_id,game_date,away,away_wins,away_losses,away_points,away_turnovers,away_fouls,away_rebounds,home,home_wins,home_losses,home_points,home_turnovers,home_fouls,home_rebounds
0022500002,2025-10-21,GSW,0,0,119,19,27,41,LAL,0,0,109,20,21,49
0022500001,2025-10-21,HOU,0,0,124,25,26,73,OKC,0,0,125,12,27,49
0022500080,2025-10-22,BKN,0,0,117,17,29,44,CHA,0,0,136,17,25,67
0022500003,2025-10-22,CLE,0,0,111,15,26,50,NYK,0,0,119,14,23,58
0022500084,2025-10-22,DET,0,0,111,10,29,56,CHI,0,0,115,18,23,60
0022500087,2025-10-22,LAC,0,0,108,15,21,45,UTA,0,0,129,13,22,52
0022500081,2025-10-22,MIA,0,0,121,19,28,56,ORL,0,0,125,15,20,54
0022500089,2025-10-22,MIN,0,0,118,19,29,52,POR,0,0,114,16,20,58
0022500085,2025-10-22,NOP,0,0,122,15,30,58,MEM,0,0,128,17,29,53
0022500083,2025-10-22,PHI,0,0,117,14,23,55,BOS,0,0,116,11,28,51
0022500088,2025-10-22,SAC,0,0,116,13,22,52,PHX,0,0,120,16,25,63
0022500004,2025-10-22,SAS,0,0,125,15,25,60,DAL,0,0,92,16,24,47
0022500082,2025-10-22,TOR,0,0,138,19,32,60,ATL,0,0,118,16,24,44
0022500086,2025-10-22,WAS,0,0,120,13,19,63,MIL,0,0,133,8,22,50
0022500006,2025-10-23,DEN,0,0,131,13,22,49,GSW,1,0,137,9,16,52
0022500005,2025-10-23,OKC,1,0,141,14,33,64,IND,0,0,135,14,38,65
0022500090,2025-10-24,ATL,0,1,111,16,21,50,ORL,1,0,107,22,27,58
0022500018,2025-10-24,BOS,0,1,95,16,25,43,NYK,1,0,105,20,18,65
0022500091,2025-10-24,CLE,0,1,131,17,18,51,BKN,0,1,124,20,29,46
0022500093,2025-10-24,DET,0,1,115,18,33,61,HOU,0,1,111,14,27,57
0022500097,2025-10-24,GSW,2,0,119,25,22,52,POR,0,1,139,19,28,45
0022500094,2025-10-24,MIA,0,1,146,20,25,64,MEM,1,0,114,20,19,48
0022500092,2025-10-24,MIL,1,0,122,19,24,60,TOR,1,0,116,16,21,48
0022500019,2025-10-24,MIN,1,0,110,12,27,46,LAL,0,1,128,12,21,44
0022500099,2025-10-24,PHX,1,0,102,18,25,42,LAC,0,1,129,19,19,49
0022500095,2025-10-24,SAS,1,0,120,19,29,71,NOP,0,1,116,15,22,55
0022500098,2025-10-24,UTA,1,0,104,20,17,60,SAC,0,1,105,13,18,38
0022500096,2025-10-24,WAS,0,1,117,17,26,58,DAL,0,1,107,21,20,56
0022500102,2025-10-25,CHA,1,0,121,17,26,56,PHI,1,0,125,15,25,54
0022500100,2025-10-25,CHI,1,0,110,20,26,51,ORL,1,1,98,20,25,60
0022500103,2025-10-25,IND,0,1,103,13,21,53,MEM,1,1,128,6,22,67
0022500101,2025-10-25,OKC,2,0,117,13,19,56,ATL,1,1,100,17,24,53
0022500104,2025-10-25,PHX,1,1,111,20,30,47,DEN,0,1,133,16,23,53
0022500105,2025-10-26,BKN,0,2,107,12,32,43,SAS,2,0,118,15,23,59
0022500106,2025-10-26,BOS,0,2,113,12,26,52,DET,1,1,119,16,24,66
0022500109,2025-10-26,CHA,1,1,139,12,17,60,WAS,1,1,113,15,27,45
0022500110,2025-10-26,IND,0,2,110,17,28,58,MIN,1,1,114,14,24,61
0022500113,2025-10-26,LAL,1,1,127,17,17,56,SAC,1,1,120,16,27,52
0022500107,2025-10-26,MIL,2,0,113,18,27,44,CLE,1,1,118,17,23,58
0022500108,2025-10-26,NYK,2,0,107,16,24,59,MIA,1,1,115,16,16,58
0022500112,2025-10-26,POR,1,1,107,16,21,50,LAC,1,1,114,24,28,51
0022500111,2025-10-26,TOR,1,1,129,16,28,51,DAL,0,2,139,20,27,52
0022500115,2025-10-27,ATL,1,2,123,6,17,42,CHI,2,0,128,18,20,62
0022500116,2025-10-27,BKN,0,3,109,14,24,46,HOU,0,2,137,10,22,47
0022500117,2025-10-27,BOS,0,3,122,12,25,66,NOP,0,2,90,14,19,46
0022500007,2025-10-27,CLE,2,1,116,20,25,58,DET,2,1,95,26,29,60
0022500008,2025-10-27,DEN,1,1,127,14,25,54,MIN,2,1,114,15,22,43
0022500121,2025-10-27,MEM,2,1,118,13,21,47,GSW,2,1,131,16,24,49
0022500119,2025-10-27,OKC,3,0,101,13,23,62,DAL,1,2,94,9,15,50
0022500114,2025-10-27,ORL,1,2,124,13,22,52,PHI,2,0,136,7,27,53
0022500120,2025-10-27,PHX,1,2,134,14,29,62,UTA,1,1,138,19,27,74
0022500122,2025-10-27,POR,1,2,122,19,17,55,LAL,2,1,108,25,19,54
0022500118,2025-10-27,TOR,1,2,103,15,23,31,SAS,3,0,121,21,17,52
0022500124,2025-10-28,CHA,2,1,117,18,18,53,MIA,2,1,144,11,16,48
0022500127,2025-10-28,LAC,2,1,79,16,5,54,GSW,3,1,98,13,15,49
0022500125,2025-10-28,NYK,2,1,111,13,21,52,MIL,2,1,121,13,21,44
0022500123,2025-10-28,PHI,3,0,139,14,21,62,WAS,1,2,134,16,30,60
0022500126,2025-10-28,SAC,1,2,101,17,16,51,OKC,4,0,107,15,19,51
0022500130,2025-10-29,ATL,1,3,117,8,26,50,BKN,0,4,112,16,17,60
0022500128,2025-10-29,CLE,3,1,105,14,22,54,BOS,1,3,125,10,19,61
0022500131,2025-10-29,HOU,1,2,139,17,16,64,TOR,1,3,121,10,26,29
0022500133,2025-10-29,IND,0,3,105,14,29,67,DAL,1,3,107,19,24,62
0022500136,2025-10-29,LAL,2,2,116,19,22,49,MIN,2,2,115,18,23,43
0022500137,2025-10-29,MEM,2,2,114,17,18,49,PHX,1,3,113,21,20,50
0022500134,2025-10-29,NOP,0,3,88,14,15,48,DEN,2,1,122,14,24,62
0022500129,2025-10-29,ORL,1,3,116,17,27,52,DET,2,2,135,14,28,58
0022500135,2025-10-29,POR,2,2,136,18,33,52,UTA,2,1,134,22,24,54
0022500132,2025-10-29,SAC,1,3,113,10,17,39,CHI,3,0,126,16,20,52
0022500139,2025-10-30,GSW,4,1,110,22,17,55,MIL,3,1,120,16,23,51
0022500141,2025-10-30,MIA,3,1,101,14,20,49,SAS,4,0,107,11,18,60
0022500138,2025-10-30,ORL,1,4,123,13,19,46,CHA,2,2,107,21,23,47
0022500140,2025-10-30,WAS,1,3,108,23,26,52,OKC,5,0,127,6,15,55
0022500020,2025-10-31,ATL,2,3,128,10,23,58,IND,0,4,108,12,16,61
0022500021,2025-10-31,BOS,2,3,109,10,24,56,PHI,4,0,108,18,13,55
0022500026,2025-10-31,DEN,3,1,107,19,23,54,POR,3,2,109,13,24,56
0022500024,2025-10-31,LAL,3,2,117,15,16,49,MEM,3,2,112,11,25,51
0022500027,2025-10-31,NOP,0,4,124,15,18,46,LAC,2,2,126,12,19,45
0022500023,2025-10-31,NYK,2,2,125,12,25,46,CHI,4,0,135,9,22,52
0022500022,2025-10-31,TOR,1,4,112,18,18,56,CLE,3,2,101,14,15,53
0022500025,2025-10-31,UTA,2,2,96,21,22,58,PHX,1,4,118,12,26,53
0022500147,2025-11-01,DAL,2,3,110,15,25,54,DET,3,2,122,8,22,56
0022500144,2025-11-01,GSW,4,2,109,16,27,51,IND,0,5,114,12,20,57
0022500146,2025-11-01,HOU,2,2,128,20,15,64,BOS,3,3,101,10,27,45
0022500143,2025-11-01,MIN,2,3,122,10,23,45,CHA,2,3,105,14,16,53
0022500145,2025-11-01,ORL,2,4,125,17,16,62,WAS,1,4,94,17,23,54
0022500142,2025-11-01,SAC,1,4,135,10,21,48,MIL,4,1,133,11,26,44
0022500151,2025-11-02,ATL,3,3,109,23,21,59,CLE,3,3,117,18,29,48
0022500153,2025-11-02,CHI,5,0,116,14,20,48,NYK,2,3,128,11,12,54
0022500152,2025-11-02,MEM,3,3,104,13,18,46,TOR,2,4,117,16,23,55
0022500155,2025-11-02,MIA,3,2,120,15,21,51,LAL,4,2,130,12,26,54
0022500148,2025-11-02,NOP,0,5,106,17,22,51,OKC,6,0,137,13,22,47
0022500149,2025-11-02,PHI,4,1,129,15,25,52,BKN,0,5,105,19,16,55
0022500154,2025-11-02,SAS,5,0,118,14,22,50,PHX,2,4,130,20,26,45
0022500150,2025-11-02,UTA,2,3,103,11,25,49,CHA,2,4,126,15,25,54
0022500160,2025-11-03,DAL,2,4,102,15,26,52,HOU,3,2,110,17,17,65
0022500161,2025-11-03,DET,4,2,114,14,21,52,MEM,3,4,106,20,22,54
0022500163,2025-11-03,LAL,5,2,123,17,22,42,POR,4,2,115,18,18,47
0022500164,2025-11-03,MIA,3,3,120,16,15,42,LAC,3,2,119,21,24,51
0022500157,2025-11-03,MIL,4,2,117,18,28,59,IND,1,5,115,12,24,58
0022500156,2025-11-03,MIN,3,3,125,17,27,63,BKN,0,6,109,12,25,50
0022500162,2025-11-03,SAC,2,4,124,15,24,54,DEN,3,2,130,8,18,47
0022500158,2025-11-03,UTA,2,4,105,19,23,65,BOS,3,4,103,10,22,43
0022500159,2025-11-03,WAS,1,5,102,20,21,49,NYK,3,3,119,12,17,54
0022500168,2025-11-04,CHA,3,4,112,20,23,61,NOP,0,6,116,13,20,44
0022500165,2025-11-04,MIL,5,2,100,15,26,49,TOR,3,4,128,10,23,60
0022500170,2025-11-04,OKC,7,0,126,11,23,44,LAC,3,3,107,19,22,52
0022500166,2025-11-04,ORL,3,4,112,19,31,47,ATL,3,4,127,20,24,44
0022500167,2025-11-04,PHI,5,1,111,16,21,52,CHI,5,1,113,18,20,58
0022500169,2025-11-04,PHX,3,4,107,17,18,55,GSW,4,3,118,16,18,43
0022500173,2025-11-05,BKN,0,7,112,14,17,53,IND,1,6,103,18,26,69
0022500181,2025-11-05,GSW,5,3,116,19,26,49,SAC,2,5,121,16,18,51
0022500176,2025-11-05,HOU,4,2,124,13,21,62,MEM,3,5,109,15,19,57
0022500178,2025-11-05,MIA,4,3,112,15,20,44,DEN,4,2,122,17,16,68
0022500175,2025-11-05,MIN,4,3,114,17,14,38,NYK,4,3,137,14,21,56
0022500177,2025-11-05,NOP,1,6,101,16,18,60,DAL,2,5,99,15,15,53
0022500180,2025-11-05,OKC,8,0,119,15,27,54,POR,4,3,121,18,25,57
0022500171,2025-11-05,PHI,5,2,121,19,23,54,CLE,4,3,132,15,22,45
0022500179,2025-11-05,SAS,5,1,116,19,36,46,LAL,6,2,118,14,30,57
0022500172,2025-11-05,UTA,3,4,103,15,17,55,DET,5,2,114,13,23,60
0022500174,2025-11-05,WAS,1,6,107,19,19,49,BOS,3,5,136,7,24,49
0022500182,2025-11-06,LAC,3,4,102,15,19,54,PHX,3,5,115,16,23,55
0022500028,2025-11-07,BOS,4,5,110,14,27,56,ORL,3,5,123,15,18,50
0022500033,2025-11-07,CHA,3,5,108,18,18,64,MIA,4,4,126,8,21,49
0022500035,2025-11-07,CHI,6,1,110,14,19,51,MIL,5,3,126,11,16,60
0022500029,2025-11-07,CLE,5,3,148,10,17,68,WAS,1,7,115,20,25,53
0022500034,2025-11-07,DAL,2,6,104,18,20,50,MEM,3,6,118,15,20,49
0022500031,2025-11-07,DET,6,2,125,13,19,59,BKN,1,7,107,20,25,38
0022500037,2025-11-07,GSW,5,4,104,12,18,52,DEN,5,2,129,9,15,48
0022500032,2025-11-07,HOU,5,2,110,24,25,49,SAS,5,2,121,21,19,49
0022500038,2025-11-07,OKC,8,1,132,11,16,58,SAC,3,5,101,17,20,47
0022500030,2025-11-07,TOR,4,4,109,13,21,55,ATL,4,4,97,19,19,65
0022500036,2025-11-07,UTA,3,5,97,18,23,48,MIN,4,4,137,21,24,64
0022500186,2025-11-08,CHI,6,2,122,14,26,55,CLE,6,3,128,9,28,49
0022500183,2025-11-08,DAL,2,7,111,13,17,61,WAS,1,8,105,18,21,54
0022500189,2025-11-08,IND,1,7,100,11,23,58,DEN,6,2,117,18,26,64
0022500185,2025-11-08,LAL,7,2,102,20,11,53,ATL,4,5,122,11,14,43
0022500188,2025-11-08,NOP,2,6,119,12,19,48,SAS,6,2,126,12,20,49
0022500190,2025-11-08,PHX,4,5,114,14,20,52,LAC,3,5,103,11,15,38
0022500187,2025-11-08,POR,5,3,131,20,32,63,MIA,5,4,136,15,23,57
0022500184,2025-11-08,TOR,5,4,120,11,26,47,PHI,5,3,130,14,22,63
0022500192,2025-11-09,BKN,1,8,98,19,26,46,NYK,5,3,134,14,26,55
0022500193,2025-11-09,BOS,4,6,111,14,27,49,ORL,4,5,107,17,24,49
0022500195,2025-11-09,DET,7,2,111,16,21,48,PHI,6,3,108,20,22,55
0022500191,2025-11-09,HOU,5,3,122,18,19,59,MIL,6,3,115,13,20,34
0022500196,2025-11-09,IND,1,8,83,22,25,63,GSW,5,5,114,10,16,63
0022500197,2025-11-09,MIN,5,4,144,11,23,51,SAC,3,6,117,18,20,53
0022500194,2025-11-09,OKC,9,1,114,6,17,59,MEM,4,6,100,14,25,60
0022500206,2025-11-10,ATL,5,5,105,12,22,53,LAC,3,6,102,12,14,50
0022500201,2025-11-10,CLE,7,3,138,10,30,68,MIA,6,4,140,14,27,69
0022500198,2025-11-10,LAL,7,3,121,11,22,43,CHA,3,6,111,23,25,42
0022500203,2025-11-10,MIL,6,4,116,13,26,53,DAL,3,7,114,15,23,64
0022500205,2025-11-10,MIN,6,4,120,11,21,51,UTA,3,6,113,15,24,59
0022500204,2025-11-10,NOP,2,7,98,20,23,48,PHX,5,5,121,18,18,54
0022500200,2025-11-10,POR,5,4,112,10,24,47,ORL,4,6,115,13,23,64
0022500202,2025-11-10,SAS,7,2,121,15,18,50,CHI,6,3,117,13,20,52
0022500199,2025-11-10,WAS,1,9,135,20,28,52,DET,8,2,137,16,19,74
0022500209,2025-11-11,BOS,5,6,100,11,17,62,PHI,6,4,102,9,22,50
0022500212,2025-11-11,DEN,7,2,122,13,19,56,SAC,3,7,108,10,23,44
0022500210,2025-11-11,GSW,6,5,102,21,29,43,OKC,10,1,126,20,22,51
0022500211,2025-11-11,IND,1,9,128,8,26,45,UTA,3,7,152,15,27,57
0022500208,2025-11-11,MEM,4,7,120,22,20,50,NYK,6,3,133,15,22,50
0022500207,2025-11-11,TOR,5,5,119,9,23,58,BKN,1,9,109,13,21,43
0022500223,2025-11-12,ATL,6,5,133,21,20,56,SAC,3,8,100,20,19,45
0022500214,2025-11-12,CHI,6,4,113,21,18,54,DET,9,2,124,19,25,46
0022500217,2025-11-12,CLE,7,4,130,13,21,62,MIA,7,4,116,21,29,54
0022500224,2025-11-12,DEN,8,2,130,12,14,52,LAC,3,7,116,15,30,38
0022500220,2025-11-12,GSW,6,6,125,16,18,49,SAS,8,2,120,20,24,54
0022500222,2025-11-12,LAL,8,3,92,20,19,54,OKC,11,1,121,11,19,50
0022500216,2025-11-12,MEM,4,8,95,10,18,53,BOS,5,7,131,11,20,68
0022500213,2025-11-12,MIL,7,4,100,9,22,41,CHA,3,7,111,16,15,65
0022500215,2025-11-12,ORL,5,6,124,15,23,59,NYK,7,3,107,14,25,45
0022500221,2025-11-12,PHX,6,5,123,12,20,52,DAL,3,8,114,21,23,55
0022500219,2025-11-12,POR,5,5,125,13,23,45,NOP,2,8,117,10,20,43
0022500218,2025-11-12,WAS,1,10,112,12,22,46,HOU,6,3,135,12,18,62
0022500227,2025-11-13,ATL,7,5,132,18,18,49,UTA,4,7,122,24,20,56
0022500226,2025-11-13,IND,1,10,98,12,23,49,PHX,7,5,133,11,24,53
0022500225,2025-11-13,TOR,6,5,126,14,20,53,CLE,8,4,113,12,20,43
0022500040,2025-11-14,BKN,1,10,98,7,19,42,ORL,6,6,105,19,16,60
0022500043,2025-11-14,CHA,4,7,134,13,22,51,MIL,7,5,147,22,25,42
0022500047,2025-11-14,GSW,7,6,109,15,21,45,SAS,8,3,108,21,19,59
0022500046,2025-11-14,LAC,3,8,133,23,33,56,DAL,3,9,127,25,25,66
0022500045,2025-11-14,LAL,8,4,118,18,17,51,NOP,2,9,104,20,24,51
0022500039,2025-11-14,MIA,7,5,132,11,23,61,NYK,7,4,140,8,24,63
0022500041,2025-11-14,PHI,7,4,105,15,21,56,DET,10,2,114,14,18,51
0022500042,2025-11-14,POR,6,5,116,20,18,55,HOU,7,3,140,6,22,56
0022500044,2025-11-14,SAC,3,9,110,15,26,56,MIN,7,4,124,18,20,65
0022500232,2025-11-15,DEN,9,2,123,13,22,57,MIN,8,4,112,13,28,44
0022500231,2025-11-15,LAL,9,4,119,17,20,52,MIL,8,5,95,17,23,47
0022500228,2025-11-15,MEM,4,9,100,15,25,57,CLE,8,5,108,21,28,64
0022500229,2025-11-15,OKC,12,1,109,14,15,53,CHA,4,8,96,15,10,54
0022500230,2025-11-15,TOR,7,5,129,14,20,61,IND,1,11,111,16,26,50
0022500239,2025-11-16,ATL,8,5,124,17,19,44,PHX,8,5,122,17,25,54
0022500235,2025-11-16,BKN,1,11,129,15,18,55,WAS,1,11,106,12,25,38
0022500240,2025-11-16,CHI,6,5,147,17,29,71,UTA,4,8,150,9,29,61
0022500237,2025-11-16,GSW,8,6,124,21,23,57,NOP,2,10,106,21,16,50
0022500233,2025-11-16,LAC,4,8,118,14,20,52,BOS,6,7,121,6,22,55
0022500236,2025-11-16,ORL,7,6,113,8,22,57,HOU,8,3,117,15,23,69
0022500238,2025-11-16,POR,6,6,133,12,32,67,DAL,3,10,138,15,22,67
0022500234,2025-11-16,SAC,3,10,110,12,17,45,SAS,8,4,123,15,17,52
0022500245,2025-11-17,CHA,4,9,108,16,14,57,TOR,8,5,110,17,21,48
0022500248,2025-11-17,CHI,6,6,130,9,18,57,DEN,10,2,127,8,15,57
0022500246,2025-11-17,DAL,4,10,96,20,22,54,MIN,8,5,120,17,24,70
0022500242,2025-11-17,IND,1,12,112,21,27,57,DET,11,2,127,17,29,52
0022500243,2025-11-17,LAC,4,9,108,10,26,49,PHI,7,5,110,9,21,60
0022500241,2025-11-17,MIL,8,6,106,15,17,46,CLE,9,5,118,18,17,53
0022500244,2025-11-17,NYK,8,4,113,17,18,60,MIA,7,6,115,14,21,55
0022500247,2025-11-17,OKC,13,1,126,18,20,51,NOP,2,11,109,22,26,44
0022500250,2025-11-18,BOS,7,7,113,20,24,56,BKN,2,11,99,14,23,46
0022500251,2025-11-18,DET,12,2,120,15,16,49,ATL,9,5,112,19,24,41
0022500249,2025-11-18,GSW,9,6,113,18,19,40,ORL,7,7,121,14,21,51
0022500252,2025-11-18,MEM,4,10,101,14,15,69,SAS,9,4,111,9,16,44
0022500254,2025-11-18,PHX,8,6,127,18,27,59,POR,6,7,110,20,13,54
0022500253,2025-11-18,UTA,5,8,126,18,31,39,LAL,10,4,140,17,21,53
0022500256,2025-11-19,CHA,4,10,118,13,19,63,IND,1,13,127,16,22,47
0022500263,2025-11-19,CHI,7,6,122,16,26,44,POR,6,8,121,16,17,86
0022500260,2025-11-19,DEN,10,3,125,20,26,46,NOP,2,12,118,12,24,58
0022500257,2025-11-19,GSW,9,7,96,23,20,70,MIA,8,6,110,14,17,62
0022500255,2025-11-19,HOU,9,3,114,13,23,60,CLE,10,5,104,12,18,51
0022500262,2025-11-19,NYK,8,5,113,9,22,64,DAL,4,11,111,18,26,61
0022500261,2025-11-19,SAC,3,11,99,18,22,55,OKC,14,1,113,16,21,50
0022500258,2025-11-19,TOR,9,5,121,15,19,44,PHI,8,5,112,21,20,47
0022500259,2025-11-19,WAS,1,12,109,17,26,49,MIN,9,5,120,10,15,61
0022500267,2025-11-20,ATL,9,6,126,16,24,46,SAS,10,4,135,11,15,48
0022500264,2025-11-20,LAC,4,10,101,21,20,53,ORL,8,7,129,11,17,57
0022500266,2025-11-20,PHI,8,6,123,14,15,60,MIL,8,7,114,14,20,51
0022500265,2025-11-20,SAC,3,12,96,17,22,40,MEM,4,11,137,8,11,63
0022500049,2025-11-21,BKN,2,12,113,14,17,51,BOS,8,7,105,13,25,48
0022500054,2025-11-21,DEN,11,3,112,15,21,52,HOU,10,3,109,16,22,52
0022500048,2025-11-21,IND,2,13,109,13,22,48,CLE,10,6,120,14,22,59
0022500051,2025-11-21,MIA,9,6,143,10,22,67,CHI,8,6,107,18,27,56
0022500053,2025-11-21,MIN,10,5,113,22,23,51,PHX,9,6,114,28,29,56
0022500052,2025-11-21,NOP,2,13,115,13,21,53,DAL,4,12,118,20,20,53
0022500055,2025-11-21,OKC,15,1,144,14,17,38,UTA,5,9,112,28,25,46
0022500056,2025-11-21,POR,6,9,127,21,25,62,GSW,9,8,123,14,26,38
0022500050,2025-11-21,WAS,1,13,110,18,22,40,TOR,10,5,140,15,20,56
0022500270,2025-11-22,ATL,9,7,115,7,20,49,NOP,2,14,98,18,17,59
0022500272,2025-11-22,DET,13,2,129,14,17,40,MIL,8,8,116,17,19,42
0022500268,2025-11-22,LAC,4,11,131,10,19,53,CHA,4,11,116,11,21,43
0022500273,2025-11-22,MEM,5,11,102,13,18,68,DAL,5,12,96,10,21,49
0022500269,2025-11-22,NYK,9,5,121,17,28,43,ORL,9,7,133,14,27,43
0022500274,2025-11-22,SAC,3,13,128,7,20,43,DEN,12,3,123,13,21,53
0022500271,2025-11-22,WAS,1,14,120,15,23,57,CHI,8,7,121,10,15,62
0022500279,2025-11-23,BKN,3,12,109,19,21,50,TOR,11,5,119,9,23,42
0022500276,2025-11-23,CHA,4,12,110,16,15,54,ATL,10,7,113,9,22,45
0022500278,2025-11-23,LAC,5,11,105,16,17,44,CLE,11,6,120,14,23,51
0022500282,2025-11-23,LAL,11,4,108,14,18,55,UTA,5,10,106,14,22,57
0022500275,2025-11-23,MIA,10,6,127,13,17,65,PHI,9,6,117,15,21,54
0022500277,2025-11-23,ORL,10,7,129,8,17,56,BOS,8,8,138,5,21,43
0022500280,2025-11-23,POR,7,9,95,17,19,54,OKC,16,1,122,14,23,57
0022500281,2025-11-23,SAS,11,4,102,19,17,58,PHX,10,6,111,6,23,53
0022500289,2025-11-24,CHI,9,7,130,17,22,41,NOP,2,15,143,14,21,70
0022500284,2025-11-24,CLE,12,6,99,12,13,40,TOR,12,5,110,16,14,63
0022500286,2025-11-24,DAL,5,13,102,16,19,61,MIA,11,6,106,14,16,61
0022500287,2025-11-24,DEN,12,4,125,14,16,54,MEM,6,11,115,11,16,47
0022500283,2025-11-24,DET,14,2,122,17,27,58,IND,2,14,117,13,27,43
0022500290,2025-11-24,HOU,10,4,114,16,20,50,PHX,11,6,92,21,20,51
0022500292,2025-11-24,MIN,10,6,112,16,28,61,SAC,4,13,117,12,22,58
0022500285,2025-11-24,NYK,9,6,113,8,22,51,BKN,3,13,100,10,15,59
0022500288,2025-11-24,POR,7,10,115,16,16,57,MIL,8,9,103,13,26,47
0022500291,2025-11-24,UTA,5,11,117,14,14,58,GSW,9,9,134,10,14,60
0022500057,2025-11-25,ATL,11,7,113,19,19,54,WAS,1,15,132,13,20,48
0022500059,2025-11-25,LAC,5,12,118,16,22,39,LAL,12,4,135,11,22,47
0022500058,2025-11-25,ORL,10,8,144,12,20,57,PHI,9,7,103,21,20,44
0022500060,2025-11-26,DET,15,2,114,13,18,65,BOS,9,8,117,13,27,50
0022500066,2025-11-26,HOU,11,4,104,10,20,66,GSW,10,9,100,16,26,54
0022500063,2025-11-26,IND,2,15,95,18,22,54,TOR,13,5,97,13,19,59
0022500065,2025-11-26,MEM,6,12,133,16,18,53,NOP,3,15,128,15,18,46
0022500062,2025-11-26,MIL,8,10,103,14,15,55,MIA,12,6,106,14,10,53
0022500064,2025-11-26,MIN,10,7,105,16,25,60,OKC,17,1,113,9,25,53
0022500061,2025-11-26,NYK,10,6,129,15,22,53,CHA,4,13,101,17,18,45
0022500068,2025-11-26,PHX,11,7,112,17,14,56,SAC,5,13,100,19,17,47
0022500067,2025-11-26,SAS,11,5,115,9,22,64,POR,8,10,102,18,22,62
0022500071,2025-11-28,CHI,9,8,116,11,18,54,CHA,4,14,123,14,19,59
0022500069,2025-11-28,CLE,12,7,123,17,17,55,ATL,11,8,130,14,14,49
0022500078,2025-11-28,DAL,5,14,119,11,23,43,LAL,13,4,129,15,20,43
0022500079,2025-11-28,MEM,7,12,112,15,19,61,LAC,5,13,107,13,21,47
0022500074,2025-11-28,MIL,8,11,109,15,27,40,NYK,11,6,118,13,21,55
0022500072,2025-11-28,ORL,11,8,112,14,25,55,DET,15,3,109,24,29,62
0022500070,2025-11-28,PHI,9,8,115,12,20,49,BKN,3,14,103,18,18,53
0022500075,2025-11-28,PHX,12,7,119,20,24,60,OKC,18,1,123,10,22,45
0022500077,2025-11-28,SAC,5,14,119,9,22,56,UTA,5,12,128,13,22,60
0022500076,2025-11-28,SAS,12,5,139,9,28,44,DEN,13,4,136,17,22,56
0022500073,2025-11-28,WAS,2,15,86,17,17,50,IND,2,16,119,16,16,57
0022500297,2025-11-29,BKN,3,15,99,20,16,44,MIL,8,12,116,14,16,49
0022500293,2025-11-29,BOS,10,8,115,11,21,53,MIN,10,8,119,15,16,50
0022500295,2025-11-29,CHI,9,9,101,13,14,57,IND,3,16,103,13,15,52
0022500300,2025-11-29,DAL,5,15,114,9,19,45,LAC,5,14,110,18,21,57
0022500299,2025-11-29,DEN,13,5,130,17,20,48,PHX,12,8,112,7,23,41
0022500296,2025-11-29,DET,15,4,138,21,27,52,MIA,13,6,135,18,20,43
0022500298,2025-11-29,NOP,3,16,96,13,21,63,GSW,10,10,104,10,24,59
0022500294,2025-11-29,TOR,14,5,111,16,26,65,CHA,5,14,118,9,19,49
0022500304,2025-11-30,ATL,12,8,142,23,27,78,PHI,10,8,134,18,28,56
0022500302,2025-11-30,BOS,10,9,117,19,17,55,CLE,12,8,115,14,22,48
0022500301,2025-11-30,HOU,12,4,129,16,18,59,UTA,6,12,101,17,23,40
0022500307,2025-11-30,MEM,8,12,115,23,22,63,SAC,5,15,107,8,23,45
0022500308,2025-11-30,NOP,3,17,121,8,27,47,LAL,14,4,133,9,14,54
0022500305,2025-11-30,OKC,19,1,123,12,29,60,POR,8,11,115,14,22,57
0022500306,2025-11-30,SAS,13,5,112,10,15,41,MIN,11,8,125,13,16,43
0022500303,2025-11-30,TOR,14,6,94,18,16,49,NYK,12,6,116,18,15,66
0022500309,2025-12-01,ATL,13,8,98,15,16,41,DET,16,4,99,23,12,68
0022500312,2025-12-01,CHA,6,14,103,18,15,53,BKN,3,16,116,11,23,54
0022500314,2025-12-01,CHI,9,10,120,21,23,48,ORL,12,8,125,18,16,52
0022500310,2025-12-01,CLE,12,9,135,9,28,59,IND,4,16,119,14,23,52
0022500315,2025-12-01,DAL,6,15,131,8,19,49,DEN,14,5,121,8,12,54
0022500316,2025-12-01,HOU,13,4,125,13,27,53,UTA,6,13,133,13,32,63
0022500313,2025-12-01,LAC,5,15,123,13,10,56,MIA,13,7,140,12,25,54
0022500311,2025-12-01,MIL,9,12,126,17,16,50,WAS,2,16,129,10,18,52
0022500317,2025-12-01,PHX,12,9,125,11,16,42,LAL,15,4,108,22,13,43
0022500322,2025-12-02,MEM,9,12,119,15,28,59,SAS,13,6,126,7,23,48
0022500321,2025-12-02,MIN,12,8,149,9,25,49,NOP,3,18,142,13,24,53
0022500320,2025-12-02,NYK,13,6,117,12,16,47,BOS,11,9,123,10,20,43
0022500323,2025-12-02,OKC,20,1,124,15,13,46,GSW,11,10,112,16,22,47
0022500319,2025-12-02,POR,8,12,118,15,21,52,TOR,14,7,121,18,28,50
0022500318,2025-12-02,WAS,3,16,102,15,15,62,PHI,10,9,121,11,21,61
0022500329,2025-12-03,BKN,4,16,113,21,20,50,CHI,9,11,103,16,15,52
0022500328,2025-12-03,CHA,6,15,104,13,18,53,NYK,13,7,119,9,19,53
0022500325,2025-12-03,DEN,14,6,135,11,21,42,IND,4,17,120,12,25,45
0022500331,2025-12-03,DET,17,4,109,15,18,55,MIL,9,13,113,16,22,51
0022500327,2025-12-03,LAC,5,16,115,12,18,59,ATL,13,9,92,16,17,44
0022500332,2025-12-03,MIA,14,7,108,11,13,55,DAL,7,15,118,15,15,54
0022500324,2025-12-03,POR,8,13,122,13,21,58,CLE,13,9,110,7,25,54
0022500330,2025-12-03,SAC,5,16,95,13,17,39,HOU,13,5,121,18,10,71
0022500326,2025-12-03,SAS,14,6,114,19,20,56,ORL,13,8,112,10,19,62
0022500334,2025-12-04,BOS,12,9,146,10,20,56,WAS,3,17,101,18,22,45
0022500333,2025-12-04,GSW,11,11,98,13,20,51,PHI,11,9,99,19,14,56
0022500336,2025-12-04,LAL,15,5,123,11,17,46,TOR,15,7,120,15,20,53
0022500337,2025-12-04,MIN,13,8,125,20,22,61,NOP,3,19,116,12,22,48
0022500335,2025-12-04,UTA,7,13,123,13,23,43,BKN,5,16,110,18,19,56
0022500344,2025-12-05,CHA,6,16,111,24,20,60,TOR,15,8,86,20,25,48
0022500349,2025-12-05,DAL,8,15,111,12,17,44,OKC,21,1,132,6,21,47
0022500340,2025-12-05,DEN,15,6,134,12,15,51,ATL,13,10,133,14,25,45
0022500345,2025-12-05,IND,4,18,120,14,21,39,CHI,9,12,105,19,15,54
0022500347,2025-12-05,LAC,6,16,98,17,18,42,MEM,9,13,107,16,19,47
0022500338,2025-12-05,LAL,16,5,105,14,14,46,BOS,13,9,126,16,21,44
0022500339,2025-12-05,MIA,14,8,105,15,18,54,ORL,13,9,106,10,20,55
0022500348,2025-12-05,PHI,12,9,116,15,24,50,MIL,10,13,101,18,21,47
0022500346,2025-12-05,PHX,13,9,98,13,22,49,HOU,14,5,117,23,20,50
0022500342,2025-12-05,POR,9,13,116,20,36,54,DET,17,5,122,14,30,54
0022500341,2025-12-05,SAS,15,6,117,14,23,47,CLE,13,10,130,15,23,56
0022500343,2025-12-05,UTA,8,13,112,12,18,49,NYK,14,7,146,13,22,55
0022500351,2025-12-06,ATL,13,11,131,15,17,54,WAS,3,18,116,20,19,34
0022500352,2025-12-06,GSW,11,12,99,14,19,60,CLE,14,10,94,12,20,68
0022500356,2025-12-06,HOU,15,5,109,20,21,45,DAL,8,16,122,13,14,37
0022500355,2025-12-06,LAC,6,17,106,11,29,50,MIN,14,8,109,14,22,41
0022500353,2025-12-06,MIL,10,14,112,12,26,47,DET,18,5,124,16,26,63
0022500350,2025-12-06,NOP,3,20,101,17,15,44,BKN,5,17,119,20,17,50
0022500354,2025-12-06,SAC,5,17,127,11,19,54,MIA,14,9,111,13,17,52
0022500358,2025-12-07,BOS,14,9,121,11,22,46,TOR,15,9,113,13,18,51
0022500359,2025-12-07,DEN,16,6,115,10,19,43,CHA,7,16,106,14,22,57
0022500361,2025-12-07,GSW,12,12,123,17,16,62,CHI,9,13,91,15,15,48
0022500362,2025-12-07,LAL,16,6,112,10,22,60,PHI,13,9,108,6,18,64
0022500363,2025-12-07,OKC,22,1,131,14,20,52,UTA,8,14,101,17,18,44
0022500357,2025-12-07,ORL,14,9,100,12,16,65,NYK,15,7,106,11,21,56
0022500360,2025-12-07,POR,9,14,96,26,29,47,MEM,10,13,119,23,25,65
0022500365,2025-12-08,PHX,13,10,108,9,20,53,MIN,15,8,105,15,20,55
0022500364,2025-12-08,SAC,6,17,105,19,18,60,IND,5,18,116,14,16,46
0022500366,2025-12-08,SAS,15,7,135,15,19,54,NOP,3,21,132,9,24,41
0022501201,2025-12-09,MIA,14,10,108,8,16,47,ORL,14,10,117,17,19,54
0022501202,2025-12-09,NYK,16,7,117,14,19,57,TOR,15,10,101,14,22,50
0022501203,2025-12-10,PHX,14,10,89,21,13,43,OKC,23,1,138,15,14,48
0022501204,2025-12-10,SAS,16,7,132,12,19,57,LAL,17,6,119,11,24,45
0022501206,2025-12-11,BOS,15,9,101,14,15,49,MIL,10,15,116,16,24,49
0022501208,2025-12-11,DEN,17,6,136,12,18,53,SAC,6,18,105,16,20,48
0022501205,2025-12-11,LAC,6,18,113,15,20,35,HOU,15,6,115,19,22,64
0022501207,2025-12-11,POR,9,15,120,15,19,55,NOP,3,22,143,10,18,64
0022501210,2025-12-12,ATL,14,11,115,20,19,48,DET,19,5,142,14,22,47
0022501214,2025-12-12,BKN,6,17,111,17,25,47,DAL,9,16,119,14,20,56
0022501209,2025-12-12,CHI,9,14,129,12,11,55,CHA,7,17,126,9,19,39
0022501212,2025-12-12,CLE,14,11,130,7,20,52,WAS,3,19,126,16,27,58
0022501211,2025-12-12,IND,6,18,105,7,28,52,PHI,13,10,115,13,19,64
0022501215,2025-12-12,MIN,15,9,127,11,22,54,GSW,13,12,120,13,23,52
0022501213,2025-12-12,UTA,8,15,130,13,23,67,MEM,11,13,126,10,21,57
0022501229,2025-12-13,NYK,17,7,132,12,23,48,ORL,15,10,120,14,24,53
0022501230,2025-12-13,SAS,17,7,111,19,23,62,OKC,24,1,109,15,25,57
0022501218,2025-12-14,CHA,7,18,119,18,27,67,CLE,15,11,111,14,24,56
0022501221,2025-12-14,GSW,13,13,131,18,24,42,POR,9,16,136,18,22,52
0022501228,2025-12-14,LAL,17,7,116,22,23,64,PHX,14,11,114,20,29,43
0022501219,2025-12-14,MIL,11,15,82,20,18,44,BKN,6,18,127,14,15,49
0022501223,2025-12-14,NOP,4,22,114,15,17,64,CHI,10,14,104,13,25,47
0022501217,2025-12-14,PHI,14,10,117,12,15,61,ATL,14,12,120,17,23,67
0022501220,2025-12-14,SAC,6,19,103,15,21,49,MIN,16,9,117,12,27,60
0022501216,2025-12-14,WAS,3,20,108,11,21,70,IND,6,19,89,8,19,47
0022501224,2025-12-15,DAL,10,16,133,15,26,67,UTA,9,15,140,13,32,50
0022501222,2025-12-15,DET,20,5,112,11,20,59,BOS,15,10,105,13,20,49
0022501225,2025-12-15,HOU,16,6,125,16,26,56,DEN,18,6,128,11,30,46
0022501226,2025-12-15,MEM,11,14,121,11,21,43,LAC,6,19,103,19,16,50
0022501227,2025-12-15,TOR,15,11,106,21,20,50,MIA,14,11,96,19,14,54
0022500367,2025-12-17,CLE,15,12,111,20,16,45,CHI,10,15,127,16,17,47
0022500368,2025-12-17,MEM,12,14,116,18,25,63,MIN,17,9,110,18,25,63
0022500371,2025-12-18,ATL,15,12,126,15,20,45,CHA,8,18,133,16,21,50
0022500376,2025-12-18,DET,21,5,114,12,28,76,DAL,10,17,116,17,21,59
0022500378,2025-12-18,GSW,13,14,98,20,20,60,PHX,14,12,99,15,17,54
0022500375,2025-12-18,HOU,16,7,128,20,21,72,NOP,5,22,133,12,24,48
0022500369,2025-12-18,LAC,6,20,101,29,17,58,OKC,24,2,122,9,19,43
0022500379,2025-12-18,LAL,18,7,143,7,31,54,UTA,10,15,135,13,29,53
0022500373,2025-12-18,MIA,14,12,106,14,12,61,BKN,7,18,95,13,17,55
0022500372,2025-12-18,NYK,18,7,114,16,19,54,IND,6,20,113,14,20,56
0022500377,2025-12-18,ORL,15,11,115,10,18,50,DEN,19,6,126,15,18,49
0022500380,2025-12-18,SAC,6,20,133,18,29,52,POR,10,16,134,21,27,65
0022500374,2025-12-18,TOR,16,11,111,17,20,54,MIL,11,16,105,16,19,44
0022500370,2025-12-18,WAS,4,20,94,14,18,54,SAS,18,7,119,14,12,58
0022500384,2025-12-19,CHI,11,15,136,12,14,54,CLE,15,13,125,15,17,56
0022500381,2025-12-19,MIA,15,12,116,13,20,58,BOS,15,11,129,16,19,55
0022500385,2025-12-19,OKC,25,2,107,12,30,60,MIN,17,10,112,13,27,71
0022500382,2025-12-19,PHI,14,11,116,11,25,42,NYK,19,7,107,18,21,61
0022500383,2025-12-19,SAS,19,7,126,15,12,61,ATL,15,13,98,17,14,48
0022500388,2025-12-20,BOS,16,11,112,11,21,61,TOR,17,11,96,12,18,48
0022500390,2025-12-20,CHA,9,18,86,24,23,51,DET,21,6,112,20,25,73
0022500387,2025-12-20,DAL,11,17,114,18,22,49,PHI,15,11,121,10,13,55
0022500386,2025-12-20,HOU,16,8,115,19,20,55,DEN,20,6,101,11,23,47
0022500389,2025-12-20,IND,6,21,109,14,26,50,NOP,6,22,128,18,25,58
0022500395,2025-12-20,LAL,19,7,88,11,19,51,LAC,6,21,103,19,23,59
0022500393,2025-12-20,ORL,15,12,128,13,29,61,UTA,10,16,127,12,29,66
0022500392,2025-12-20,PHX,15,12,116,14,24,44,GSW,13,15,119,21,23,63
0022500394,2025-12-20,POR,11,16,98,20,21,59,SAC,6,21,93,18,19,60
0022500391,2025-12-20,WAS,4,21,130,13,20,64,MEM,13,14,122,14,19,56
0022500396,2025-12-21,CHI,12,15,152,12,22,55,ATL,15,14,150,10,25,51
0022500401,2025-12-21,HOU,17,8,124,15,20,54,SAC,6,22,125,12,21,65
0022500398,2025-12-21,MIA,15,13,125,11,14,56,NYK,19,8,132,13,25,42
0022500400,2025-12-21,MIL,11,17,100,18,15,63,MIN,18,10,103,10,18,52
0022500399,2025-12-21,SAS,20,7,124,10,19,77,WAS,5,21,113,5,26,50
0022500397,2025-12-21,TOR,17,12,81,15,19,45,BKN,7,19,96,22,17,56
0022500402,2025-12-22,CHA,9,19,132,20,18,58,CLE,15,14,139,13,20,35
0022500404,2025-12-22,DAL,11,18,113,17,20,71,NOP,7,22,119,13,16,55
0022500408,2025-12-22,DET,22,6,110,10,29,62,POR,12,16,102,19,22,59
0022500403,2025-12-22,IND,6,22,95,13,21,46,BOS,17,11,103,13,16,63
0022500406,2025-12-22,MEM,13,15,103,23,14,55,OKC,25,3,119,13,18,51
0022500407,2025-12-22,ORL,16,12,97,18,21,57,GSW,14,15,120,13,20,53
0022500405,2025-12-22,UTA,10,17,112,14,19,56,DEN,20,7,135,11,17,56
0022500410,2025-12-23,BKN,8,19,114,19,26,54,PHI,16,11,106,17,26,53
0022500411,2025-12-23,CHI,13,15,126,16,18,60,ATL,15,15,123,12,24,48
0022500415,2025-12-23,DEN,21,7,130,15,16,38,DAL,11,19,131,11,12,41
0022500421,2025-12-23,DET,23,6,136,15,24,55,SAC,7,22,127,13,26,52
0022500422,2025-12-23,HOU,17,9,108,13,20,45,LAC,7,21,128,10,19,41
0022500418,2025-12-23,LAL,19,8,108,17,22,49,PHX,15,13,132,14,24,43
0022500419,2025-12-23,MEM,13,16,137,15,23,53,UTA,10,18,128,13,21,50
0022500413,2025-12-23,MIL,11,18,111,15,26,55,IND,6,23,94,12,21,53
0022500412,2025-12-23,NOP,8,22,118,16,16,50,CLE,16,14,141,13,21,57
0022500416,2025-12-23,NYK,20,8,104,19,21,64,MIN,19,10,115,11,15,56
0022500417,2025-12-23,OKC,26,3,110,15,17,40,SAS,21,7,130,9,13,42
0022500420,2025-12-23,ORL,16,13,110,15,21,47,POR,12,17,106,17,22,53
0022500414,2025-12-23,TOR,17,13,112,17,19,53,MIA,15,14,91,18,18,46
0022500409,2025-12-23,WAS,5,22,109,6,20,57,CHA,9,20,126,5,16,60
0022500009,2025-12-25,CLE,17,14,124,14,22,51,NYK,20,9,126,13,17,51
0022500011,2025-12-25,DAL,12,19,116,11,16,50,GSW,15,15,126,11,22,55
0022500012,2025-12-25,HOU,17,10,119,16,13,58,LAL,19,9,96,16,17,31
0022500013,2025-12-25,MIN,20,10,138,15,29,55,DEN,21,8,142,17,19,62
0022500010,2025-12-25,SAS,22,7,117,13,17,54,OKC,26,4,102,7,18,57
0022500426,2025-12-26,BOS,18,11,140,14,22,51,IND,6,24,122,14,28,44
0022500424,2025-12-26,CHA,10,20,120,15,19,68,ORL,17,13,105,9,25,49
0022500430,2025-12-26,DET,24,6,129,17,23,53,UTA,10,19,131,18,20,47
0022500431,2025-12-26,LAC,8,21,119,13,18,36,POR,12,18,103,15,21,51
0022500423,2025-12-26,MIA,15,15,126,12,16,57,ATL,15,16,111,21,16,47
0022500428,2025-12-26,MIL,12,18,104,22,26,53,MEM,14,16,125,14,19,51
0022500427,2025-12-26,PHI,16,12,102,9,20,56,CHI,14,15,109,12,18,59
0022500429,2025-12-26,PHX,16,13,115,18,27,63,NOP,8,23,108,12,22,58
0022500425,2025-12-26,TOR,18,13,117,11,17,39,WAS,5,23,138,14,24,55
0022500439,2025-12-27,BKN,9,19,123,16,22,48,MIN,20,11,107,11,20,45
0022500438,2025-12-27,CLE,17,15,100,15,16,46,HOU,18,10,117,17,14,66
0022500432,2025-12-27,DAL,12,20,107,21,11,61,SAC,7,23,113,11,15,54
0022500433,2025-12-27,DEN,22,8,126,16,23,56,ORL,17,14,127,6,25,44
0022500436,2025-12-27,IND,6,25,116,26,22,51,MIA,16,15,142,11,16,53
0022500437,2025-12-27,MIL,12,19,112,12,16,51,CHI,15,15,103,15,18,61
0022500435,2025-12-27,NYK,21,9,128,14,25,63,ATL,15,17,125,12,20,47
0022500434,2025-12-27,PHX,17,13,123,17,24,65,NOP,8,24,114,13,23,47
0022500440,2025-12-27,UTA,11,19,127,16,19,50,SAS,23,7,114,12,22,53
0022500444,2025-12-28,BOS,19,11,108,19,23,51,POR,12,19,114,20,19,61
0022500445,2025-12-28,DET,24,7,99,13,22,53,LAC,9,21,112,12,26,43
0022500441,2025-12-28,GSW,16,15,127,21,21,51,TOR,18,14,141,15,26,61
0022500443,2025-12-28,MEM,15,16,112,16,17,60,WAS,6,23,116,19,21,63
0022500442,2025-12-28,PHI,16,13,104,23,22,45,OKC,26,5,129,14,18,51
0022500446,2025-12-28,SAC,8,23,101,19,20,44,LAL,19,10,125,16,20,50
0022500455,2025-12-29,ATL,15,18,129,16,20,44,OKC,27,5,140,14,18,58
0022500456,2025-12-29,CLE,17,16,113,14,24,51,SAS,23,8,101,18,17,65
0022500457,2025-12-29,DAL,12,21,122,12,19,50,POR,13,19,125,16,24,57
0022500450,2025-12-29,DEN,22,9,123,10,21,43,MIA,17,15,147,10,22,54
0022500449,2025-12-29,GSW,16,16,120,14,21,51,BKN,10,19,107,15,28,41
0022500453,2025-12-29,IND,6,26,119,9,22,38,HOU,19,10,126,19,17,54
0022500447,2025-12-29,MIL,13,19,123,9,17,47,CHA,11,20,113,13,21,54
0022500452,2025-12-29,MIN,20,12,136,5,12,53,CHI,15,16,101,17,17,54
0022500454,2025-12-29,NYK,22,9,130,9,19,48,NOP,8,25,125,12,15,58
0022500451,2025-12-29,ORL,18,14,106,8,24,59,TOR,19,14,107,6,22,68
0022500448,2025-12-29,PHX,18,13,115,10,14,61,WAS,7,23,101,16,20,48
0022500459,2025-12-30,BOS,19,12,129,8,17,51,UTA,12,19,119,13,17,49
0022500460,2025-12-30,DET,24,8,128,20,26,44,LAL,20,10,106,21,24,49
0022500458,2025-12-30,PHI,16,14,139,9,23,50,MEM,15,17,136,20,18,60
0022500461,2025-12-30,SAC,8,24,90,19,20,45,LAC,10,21,131,4,15,56
0022500468,2025-12-31,DEN,22,10,106,11,18,58,TOR,20,14,103,8,25,61
0022500462,2025-12-31,GSW,17,16,132,19,20,41,CHA,11,21,125,15,23,46
0022500463,2025-12-31,MIN,21,12,102,16,17,53,ATL,15,19,126,10,15,62
0022500466,2025-12-31,NOP,8,26,118,10,24,53,CHI,15,17,134,9,18,62
0022500467,2025-12-31,NYK,23,9,132,10,30,46,SAS,23,9,134,11,18,60
0022500464,2025-12-31,ORL,18,15,112,19,23,59,IND,6,27,110,16,24,47
0022500465,2025-12-31,PHX,19,13,113,14,20,61,CLE,18,16,129,15,17,58
0022500470,2025-12-31,POR,14,19,95,25,21,59,OKC,28,5,124,15,18,52
0022500469,2025-12-31,WAS,7,24,114,10,18,54,MIL,14,19,113,15,14,61
0022500474,2026-01-01,BOS,20,12,120,13,12,54,SAC,8,25,106,9,17,39
0022500471,2026-01-01,HOU,20,10,120,14,23,53,BKN,10,20,96,13,18,40
0022500472,2026-01-01,MIA,18,15,118,20,19,58,DET,25,8,112,21,20,46
0022500473,2026-01-01,PHI,17,14,123,12,19,46,DAL,12,22,108,13,12,52
0022500475,2026-01-01,UTA,12,20,101,18,21,48,LAC,11,21,118,13,22,56
0022500479,2026-01-02,ATL,16,19,111,13,21,58,NYK,23,10,99,15,17,62
0022500477,2026-01-02,BKN,10,21,99,16,16,41,WAS,8,24,119,19,20,61
0022500481,2026-01-02,CHA,11,22,121,14,18,47,MIL,14,20,122,11,23,45
0022500478,2026-01-02,DEN,23,10,108,9,16,44,CLE,19,16,113,17,19,63
0022500485,2026-01-02,MEM,15,18,121,15,21,44,LAL,20,11,128,20,21,51
0022500484,2026-01-02,OKC,29,5,131,14,21,58,GSW,18,16,94,17,18,50
0022500480,2026-01-02,ORL,19,15,114,11,23,43,CHI,16,17,121,13,15,54
0022500482,2026-01-02,POR,14,20,122,9,18,57,NOP,8,27,109,15,22,60
0022500483,2026-01-02,SAC,8,26,102,21,23,53,PHX,19,14,129,12,23,50
0022500476,2026-01-02,SAS,24,9,123,13,18,61,IND,6,28,113,14,29,44
0022500488,2026-01-03,ATL,17,19,117,16,19,45,TOR,20,15,134,14,20,54
0022500493,2026-01-03,BOS,21,12,146,6,20,54,LAC,12,21,115,10,15,35
0022500489,2026-01-03,CHA,11,23,112,12,12,62,CHI,17,17,99,11,16,47
0022500491,2026-01-03,HOU,21,10,104,9,17,59,DAL,12,23,110,16,15,51
0022500486,2026-01-03,MIN,21,13,125,14,20,47,MIA,19,15,115,19,22,45
0022500487,2026-01-03,PHI,18,14,130,14,23,58,NYK,23,11,119,16,18,47
0022500490,2026-01-03,POR,15,20,115,11,16,67,SAS,25,9,110,6,20,53
0022500492,2026-01-03,UTA,12,21,114,15,21,41,GSW,18,17,123,15,13,57
0022500496,2026-01-04,DEN,23,11,115,10,24,44,BKN,10,22,127,10,22,52
0022500494,2026-01-04,DET,25,9,114,17,24,56,CLE,20,16,110,17,18,50
0022500495,2026-01-04,IND,6,29,127,11,26,46,ORL,19,16,135,7,19,43
0022500501,2026-01-04,MEM,15,19,114,9,31,53,LAL,21,11,120,11,18,57
0022500500,2026-01-04,MIL,15,20,115,13,21,56,SAC,8,27,98,10,23,49
0022500498,2026-01-04,MIN,22,13,141,14,17,58,WAS,9,24,115,19,21,39
0022500497,2026-01-04,NOP,8,28,106,26,14,57,MIA,19,16,125,16,14,52
0022500499,2026-01-04,OKC,30,5,105,9,20,37,PHX,20,14,108,16,24,60
0022500504,2026-01-05,ATL,17,20,100,15,21,55,TOR,21,15,118,15,16,54
0022500506,2026-01-05,CHA,12,23,124,21,23,59,OKC,30,6,97,8,14,48
0022500503,2026-01-05,CHI,17,18,101,13,13,49,BOS,22,12,115,8,11,64
0022500507,2026-01-05,DEN,23,12,125,19,19,52,PHI,19,14,124,14,20,51
0022500508,2026-01-05,GSW,19,17,102,7,21,50,LAC,12,22,103,20,21,55
0022500502,2026-01-05,NYK,23,12,90,20,17,38,DET,26,9,121,16,16,53
0022500505,2026-01-05,PHX,21,14,97,13,14,48,HOU,21,11,100,16,11,61
0022500509,2026-01-05,UTA,12,22,117,15,20,47,POR,16,20,137,14,17,49
0022500510,2026-01-06,CLE,20,17,120,19,23,57,IND,6,30,116,14,14,43
0022500515,2026-01-06,DAL,13,23,100,17,12,68,SAC,8,28,98,13,20,55
0022500514,2026-01-06,LAL,22,11,111,15,21,54,NOP,8,29,103,16,19,52
0022500513,2026-01-06,MIA,20,16,94,18,20,59,MIN,23,13,122,12,23,69
0022500511,2026-01-06,ORL,20,16,112,19,23,56,WAS,9,25,120,15,25,52
0022500512,2026-01-06,SAS,25,10,105,14,19,60,MEM,15,20,106,23,15,72
0022500517,2026-01-07,CHI,17,19,93,17,15,52,DET,27,9,108,9,14,50
0022500520,2026-01-07,DEN,24,12,114,9,15,53,BOS,23,12,110,14,20,61
0022500527,2026-01-07,HOU,22,11,102,14,27,73,POR,17,20,103,14,22,51
0022500522,2026-01-07,LAC,13,22,111,10,16,47,NYK,23,13,123,12,17,59
0022500523,2026-01-07,LAL,23,11,91,17,21,56,SAS,25,11,107,15,21,52
0022500526,2026-01-07,MIL,16,20,113,12,15,41,GSW,19,18,120,10,15,53
0022500519,2026-01-07,NOP,8,30,100,19,15,49,ATL,17,21,117,21,20,66
0022500521,2026-01-07,ORL,20,17,104,18,19,60,BKN,11,22,103,21,18,59
0022500524,2026-01-07,PHX,21,15,117,18,17,58,MEM,16,20,98,18,11,56
0022500516,2026-01-07,TOR,22,15,97,6,19,50,CHA,13,23,96,18,19,63
0022500525,2026-01-07,UTA,12,23,125,20,31,79,OKC,30,7,129,11,21,56
0022500518,2026-01-07,WAS,10,25,110,22,20,47,PHI,19,15,131,10,11,42
0022500530,2026-01-08,CLE,21,17,122,13,17,42,MIN,24,13,131,17,21,56
0022500531,2026-01-08,DAL,14,23,114,21,13,51,UTA,12,24,116,9,12,46
0022500528,2026-01-08,IND,6,31,114,20,27,48,CHA,13,24,112,17,22,47
0022500537,2026-01-09,ATL,18,21,110,6,17,45,DEN,25,12,87,19,11,52
0022500540,2026-01-09,HOU,22,12,105,13,17,67,POR,18,20,111,13,17,53
0022500535,2026-01-09,LAC,13,23,121,16,13,47,BKN,11,23,105,12,18,49
0022500541,2026-01-09,MIL,16,21,105,17,16,51,LAL,23,12,101,13,20,54
0022500534,2026-01-09,NOP,8,31,128,19,22,64,WAS,10,26,107,19,23,50
0022500538,2026-01-09,NYK,24,13,107,18,23,58,PHX,22,15,112,10,21,43
0022500536,2026-01-09,OKC,31,7,117,6,22,43,MEM,16,21,116,17,26,64
0022500533,2026-01-09,PHI,20,15,103,13,20,59,ORL,21,17,91,19,20,56
0022500539,2026-01-09,SAC,8,29,103,13,15,39,GSW,20,18,137,11,13,52
0022500532,2026-01-09,TOR,23,15,117,7,18,40,BOS,23,13,125,10,12,50
0022500547,2026-01-10,CHA,13,25,150,13,18,72,UTA,13,24,95,15,21,39
0022500546,2026-01-10,DAL,14,24,107,14,16,52,CHI,17,20,125,16,20,58
0022500544,2026-01-10,LAC,14,23,98,22,17,49,DET,28,9,92,25,26,60
0022500543,2026-01-10,MIA,20,17,99,19,18,60,IND,7,31,123,18,23,61
0022500542,2026-01-10,MIN,25,13,134,16,20,44,CLE,21,18,146,10,18,39
0022500545,2026-01-10,SAS,26,11,100,8,13,62,BOS,24,13,95,10,18,57
0022500556,2026-01-11,ATL,19,21,124,9,21,56,GSW,21,18,111,16,21,52
0022500549,2026-01-11,BKN,11,24,98,10,19,50,MEM,16,22,103,15,15,61
0022500557,2026-01-11,HOU,22,13,98,13,17,54,SAC,8,30,111,10,23,57
0022500553,2026-01-11,MIA,20,18,112,23,24,44,OKC,32,7,124,13,18,55
0022500554,2026-01-11,MIL,17,21,104,11,20,55,DEN,25,13,108,9,15,57
0022500548,2026-01-11,NOP,9,31,118,16,25,32,ORL,21,18,128,13,17,49
0022500551,2026-01-11,NYK,24,14,123,12,18,51,POR,19,20,114,15,9,47
0022500550,2026-01-11,PHI,21,15,115,22,30,60,TOR,23,16,116,15,28,69
0022500552,2026-01-11,SAS,27,11,103,14,22,60,MIN,25,14,104,9,19,61
0022500555,2026-01-11,WAS,10,27,93,23,16,55,PHX,23,15,112,16,19,56
0022500561,2026-01-12,BKN,11,25,105,17,20,48,DAL,14,25,113,14,16,47
0022500559,2026-01-12,BOS,24,14,96,12,7,52,IND,8,31,98,12,7,46
0022500563,2026-01-12,CHA,14,25,109,10,17,59,LAC,15,23,117,5,15,46
0022500562,2026-01-12,LAL,23,13,112,10,9,46,SAC,9,30,124,15,18,41
0022500560,2026-01-12,PHI,21,16,115,16,24,47,TOR,24,16,102,9,19,48
0022500558,2026-01-12,UTA,13,25,123,19,15,59,CLE,22,18,112,14,19,39
0022500569,2026-01-13,ATL,20,21,116,6,24,43,LAL,23,14,141,16,17,58
0022500565,2026-01-13,CHI,18,20,113,7,19,47,HOU,22,14,119,9,18,61
0022500567,2026-01-13,DEN,26,13,122,7,22,41,NOP,9,32,116,15,21,59
0022500566,2026-01-13,MIN,26,14,139,16,16,54,MIL,17,22,106,20,14,41
0022500564,2026-01-13,PHX,24,15,121,13,22,56,MIA,20,19,127,12,22,52
0022500570,2026-01-13,POR,19,21,97,22,17,55,GSW,21,19,119,14,15,46
0022500568,2026-01-13,SAS,27,12,98,12,25,49,OKC,33,7,119,11,24,52
0022500574,2026-01-14,BKN,11,26,113,11,21,52,NOP,9,33,116,9,11,65
0022500572,2026-01-14,CLE,22,19,133,16,19,60,PHI,22,16,107,12,16,46
0022500575,2026-01-14,DEN,27,13,118,9,25,48,DAL,15,25,109,6,20,62
0022500576,2026-01-14,NYK,25,14,101,9,24,56,SAC,10,30,112,17,21,58
0022500571,2026-01-14,TOR,24,17,115,12,24,61,IND,9,31,101,11,21,55
0022500573,2026-01-14,UTA,14,25,126,13,20,42,CHI,18,21,128,13,19,50
0022500577,2026-01-14,WAS,10,28,105,11,17,50,LAC,16,23,119,10,14,47
0022500585,2026-01-15,ATL,20,22,101,20,19,50,POR,19,22,117,15,15,61
0022500580,2026-01-15,BOS,24,15,119,13,22,58,MIA,21,19,114,10,20,50
0022500586,2026-01-15,CHA,14,26,135,13,21,54,LAL,24,14,117,9,17,46
0022500578,2026-01-15,MEM,17,22,111,16,18,44,ORL,22,18,118,16,16,63
0022500582,2026-01-15,MIL,17,23,101,13,22,49,SAS,27,13,119,17,19,55
0022500584,2026-01-15,NYK,25,15,113,12,14,49,GSW,22,19,126,12,16,49
0022500581,2026-01-15,OKC,34,7,111,12,16,49,HOU,23,14,91,16,13,75
0022500579,2026-01-15,PHX,24,16,105,14,25,55,DET,28,10,108,17,15,64
0022500583,2026-01-15,UTA,14,26,122,17,14,49,DAL,15,26,144,13,19,52
0022500587,2026-01-16,CHI,19,21,109,8,14,48,BKN,11,27,112,14,17,57
0022500589,2026-01-16,CLE,23,19,117,18,16,54,PHI,22,17,115,11,15,44
0022500590,2026-01-16,LAC,17,23,121,16,20,46,TOR,25,17,117,18,21,46
0022500591,2026-01-16,MIN,27,14,105,16,28,63,HOU,23,15,110,14,23,56
0022500588,2026-01-16,NOP,10,33,119,9,16,49,IND,9,32,127,7,22,51
0022500592,2026-01-16,WAS,10,29,115,11,24,38,SAC,11,30,128,19,19,58
0022500594,2026-01-17,BOS,25,15,132,17,17,62,ATL,20,23,106,12,17,54
0022500599,2026-01-17,CHA,15,26,116,17,22,53,GSW,23,19,136,12,23,45
0022500595,2026-01-17,IND,10,32,78,25,18,55,DET,29,10,121,19,26,63
0022500601,2026-01-17,LAL,24,15,116,15,26,34,POR,20,22,132,15,19,61
0022500598,2026-01-17,MIN,27,15,123,11,23,54,SAS,28,13,126,11,21,57
0022500597,2026-01-17,OKC,35,7,120,15,20,52,MIA,21,20,122,4,21,66
0022500596,2026-01-17,PHX,24,17,106,12,20,49,NYK,25,16,99,17,19,60
0022500593,2026-01-17,UTA,14,27,120,15,27,47,DAL,16,26,138,11,18,58
0022500600,2026-01-17,WAS,10,30,115,11,17,62,DEN,28,13,121,13,21,50
0022500603,2026-01-18,BKN,12,27,102,11,15,46,CHI,19,22,124,9,18,52
0022500605,2026-01-18,CHA,15,27,110,13,19,61,DEN,29,13,87,8,18,36
0022500604,2026-01-18,NOP,10,34,110,14,16,44,HOU,24,15,119,15,12,56
0022500602,2026-01-18,ORL,23,18,109,17,21,52,MEM,17,23,126,12,18,53
0022500606,2026-01-18,POR,21,22,117,15,19,50,SAC,12,30,110,16,26,45
0022500607,2026-01-18,TOR,25,18,93,10,16,51,LAL,24,16,110,15,15,55
0022500017,2026-01-19,BOS,26,15,103,14,23,60,DET,30,10,104,8,26,53
0022500016,2026-01-19,DAL,17,26,114,17,21,59,NYK,25,17,97,17,25,57
0022500609,2026-01-19,IND,10,33,104,24,22,56,PHI,22,18,113,9,14,49
0022500608,2026-01-19,LAC,18,23,110,16,16,46,WAS,10,31,106,20,22,55
0022500612,2026-01-19,MIA,22,20,112,19,18,60,GSW,24,19,135,14,17,53
0022500014,2026-01-19,MIL,17,24,112,13,20,53,ATL,20,24,110,10,19,57
0022500015,2026-01-19,OKC,35,8,136,13,24,50,CLE,24,19,104,21,21,61
0022500610,2026-01-19,PHX,25,17,126,13,17,47,BKN,12,28,117,8,21,34
0022500611,2026-01-19,UTA,14,28,110,14,22,54,SAS,29,13,123,14,21,47
0022500614,2026-01-20,LAC,19,23,110,16,13,47,CHI,20,22,138,12,15,50
0022500617,2026-01-20,LAL,25,16,115,13,18,63,DEN,29,14,107,5,22,42
0022500619,2026-01-20,MIA,22,21,130,10,13,53,SAC,12,31,117,16,21,54
0022500616,2026-01-20,MIN,27,16,122,11,17,59,UTA,14,29,127,17,23,51
0022500613,2026-01-20,PHX,26,17,116,22,21,53,PHI,23,18,110,19,23,59
0022500615,2026-01-20,SAS,30,13,106,9,17,57,HOU,25,15,111,14,11,55
0022500618,2026-01-20,TOR,25,19,145,17,22,41,GSW,25,19,127,19,20,47
0022500623,2026-01-21,ATL,20,25,124,17,24,56,MEM,18,23,122,18,23,54
0022500622,2026-01-21,BKN,12,29,66,14,16,36,NYK,25,18,120,12,18,63
0022500620,2026-01-21,CLE,24,20,94,21,21,71,CHA,16,27,87,13,23,60
0022500624,2026-01-21,DET,31,10,112,20,22,59,NOP,10,35,104,19,20,51
0022500621,2026-01-21,IND,10,34,104,14,20,52,BOS,26,16,119,16,19,59
0022500625,2026-01-21,OKC,36,8,122,8,11,49,MIL,18,24,102,16,19,43
0022500626,2026-01-21,TOR,26,19,122,11,19,52,SAC,12,32,109,16,16,53
0022500627,2026-01-22,CHA,16,28,124,15,18,54,ORL,23,19,97,12,23,37
0022500631,2026-01-22,CHI,21,22,120,12,18,59,MIN,27,17,115,14,27,48
0022500629,2026-01-22,DEN,29,15,107,14,14,54,WAS,10,32,97,14,22,50
0022500630,2026-01-22,GSW,25,20,115,10,24,44,DAL,18,26,123,22,17,65
0022500628,2026-01-22,HOU,26,15,122,17,19,61,PHI,23,19,128,15,23,48
0022500633,2026-01-22,LAL,26,16,104,10,17,43,LAC,19,24,112,20,17,55
0022500634,2026-01-22,MIA,23,21,110,15,10,48,POR,22,22,127,20,17,59
0022500632,2026-01-22,SAS,30,14,126,11,13,48,UTA,15,29,109,17,16,48
0022500637,2026-01-23,BOS,27,16,130,9,28,56,BKN,12,30,126,18,26,70
0022500640,2026-01-23,DEN,30,15,102,8,20,55,MIL,18,25,100,11,19,60
0022500635,2026-01-23,HOU,26,16,111,17,18,54,DET,32,10,104,17,24,44
0022500641,2026-01-23,IND,10,35,117,11,24,59,OKC,37,8,114,9,22,47
0022500639,2026-01-23,NOP,10,36,133,10,20,54,MEM,18,24,127,19,23,54
0022500636,2026-01-23,PHX,27,17,103,13,12,46,ATL,21,25,110,21,13,51
0022500638,2026-01-23,SAC,12,33,118,11,25,51,CLE,25,20,123,7,17,55
0022500642,2026-01-23,TOR,27,19,110,16,17,51,POR,23,22,98,15,12,57
0022500647,2026-01-24,BOS,28,16,111,6,9,48,CHI,22,22,114,15,15,51
0022500646,2026-01-24,CLE,26,20,119,17,25,45,ORL,23,20,105,16,21,51
0022500648,2026-01-24,LAL,26,17,116,16,20,66,DAL,19,26,110,11,19,54
0022500649,2026-01-24,MIA,23,22,147,14,22,77,UTA,15,30,116,14,26,48
0022500643,2026-01-24,NYK,26,18,112,11,22,64,PHI,24,19,109,14,21,46
0022500645,2026-01-24,WAS,10,33,115,13,23,43,CHA,17,28,119,21,10,55
0022500656,2026-01-25,BKN,12,31,89,17,19,41,LAC,20,24,126,19,15,55
0022500644,2026-01-25,GSW,25,21,111,12,20,55,MIN,27,18,85,26,16,59
0022500655,2026-01-25,MIA,24,22,111,12,21,66,PHX,27,18,102,11,24,61
0022500654,2026-01-25,NOP,11,36,104,10,23,72,SAS,31,14,95,12,16,55
0022500650,2026-01-25,SAC,12,34,116,19,21,43,DET,32,11,139,19,23,55
0022500653,2026-01-25,TOR,28,19,103,11,22,62,OKC,37,9,101,11,17,46
0022500663,2026-01-26,GSW,26,21,83,19,19,57,MIN,27,19,108,22,15,61
0022500659,2026-01-26,IND,11,35,116,17,12,52,ATL,22,25,132,14,20,54
0022500661,2026-01-26,LAL,27,17,129,8,15,43,CHI,23,22,118,15,20,45
0022500662,2026-01-26,MEM,18,25,99,13,21,60,HOU,27,16,108,16,13,67
0022500658,2026-01-26,ORL,23,21,98,12,21,51,CLE,27,20,114,16,15,54
0022500657,2026-01-26,PHI,24,20,93,17,23,42,CHA,18,28,130,25,22,62
0022500660,2026-01-26,POR,23,23,94,18,23,55,BOS,28,17,102,17,21,59
0022500669,2026-01-27,BKN,12,32,102,22,22,44,PHX,27,19,106,15,19,39
0022500668,2026-01-27,DET,33,11,109,7,21,47,DEN,31,15,107,15,16,57
0022500670,2026-01-27,LAC,21,24,115,11,19,52,UTA,15,31,103,17,17,50
0022500666,2026-01-27,MIL,18,26,122,12,12,51,PHI,24,21,139,7,22,52
0022500667,2026-01-27,NOP,12,36,95,9,21,62,OKC,37,10,104,16,15,62
0022500664,2026-01-27,POR,23,24,111,20,18,85,WAS,10,34,115,14,17,54
0022500665,2026-01-27,SAC,12,35,87,17,17,48,NYK,27,18,103,21,16,50
0022500673,2026-01-28,ATL,23,25,117,9,19,48,BOS,29,17,106,16,14,55
0022500676,2026-01-28,CHA,19,28,112,20,11,56,MEM,18,26,97,13,10,40
0022500672,2026-01-28,CHI,23,23,110,11,22,51,IND,11,36,113,6,18,50
0022500678,2026-01-28,GSW,26,22,140,20,18,51,UTA,15,32,124,19,23,44
0022500671,2026-01-28,LAL,28,17,99,16,16,41,CLE,28,20,129,10,15,56
0022500677,2026-01-28,MIN,28,19,118,12,25,53,DAL,19,27,105,19,19,65
0022500675,2026-01-28,NYK,28,18,119,18,21,53,TOR,29,19,92,20,19,48
0022500674,2026-01-28,ORL,23,22,133,7,16,50,MIA,25,22,124,18,18,52
0022500679,2026-01-28,SAS,31,15,111,15,15,53,HOU,28,16,99,14,18,57
0022500684,2026-01-29,BKN,12,33,103,9,21,52,DEN,31,16,107,7,14,50
0022500683,2026-01-29,CHA,20,28,123,10,17,51,DAL,19,28,121,8,15,56
0022500685,2026-01-29,DET,34,11,96,9,20,44,PHX,28,19,114,17,25,58
0022500682,2026-01-29,HOU,28,17,104,12,11,68,ATL,24,25,86,12,16,51
0022500529,2026-01-29,MIA,25,23,116,14,19,55,CHI,23,24,113,16,20,62
0022500681,2026-01-29,MIL,18,27,99,9,21,55,WAS,11,34,109,13,12,66
0022500686,2026-01-29,OKC,38,10,111,16,15,42,MIN,29,19,123,20,21,57
0022500680,2026-01-29,SAC,12,36,111,17,28,55,PHI,25,21,113,9,19,28
0022500694,2026-01-30,BKN,12,34,109,12,21,60,UTA,15,33,99,11,23,42
0022500693,2026-01-30,CLE,29,20,113,22,20,52,PHX,29,19,126,22,19,49
0022500696,2026-01-30,DET,34,12,131,16,23,61,GSW,27,22,124,18,21,54
0022500695,2026-01-30,LAC,22,24,109,9,21,42,DEN,32,16,122,13,18,51
0022500688,2026-01-30,LAL,28,18,142,17,8,55,WAS,12,34,111,19,19,44
0022500691,2026-01-30,MEM,18,27,106,20,19,51,NOP,12,37,114,16,16,55
0022500690,2026-01-30,POR,23,25,97,20,13,47,NYK,29,18,127,14,21,58
0022500689,2026-01-30,SAC,12,37,93,16,18,58,BOS,29,18,112,7,17,53
0022500687,2026-01-30,TOR,29,20,120,14,25,48,ORL,24,22,130,12,23,41
0022500698,2026-01-31,ATL,24,26,124,10,18,47,IND,12,36,129,23,21,56
0022500692,2026-01-31,CHI,23,25,125,24,21,51,MIA,26,23,118,19,19,59
0022500701,2026-01-31,DAL,19,29,107,11,12,66,HOU,29,17,111,6,20,63
0022500700,2026-01-31,MIN,30,19,131,15,21,50,MEM,18,28,114,15,16,53
0022500699,2026-01-31,NOP,13,37,114,10,16,51,PHI,26,21,124,10,18,59
0022500697,2026-01-31,SAS,32,15,106,11,16,40,CHA,21,28,111,12,19,55
0022500704,2026-02-01,BKN,13,34,77,25,21,50,DET,35,12,130,8,21,48
0022500705,2026-02-01,CHI,24,25,91,19,16,59,MIA,26,24,134,9,25,63
0022500710,2026-02-01,CLE,29,21,130,14,15,46,POR,23,26,111,23,17,58
0022500709,2026-02-01,LAC,22,25,117,18,18,82,PHX,30,19,93,5,26,41
0022500708,2026-02-01,LAL,29,18,100,11,14,53,NYK,30,18,112,10,15,53
0022500702,2026-02-01,MIL,18,28,79,11,17,50,BOS,30,18,107,10,16,61
0022500711,2026-02-01,OKC,38,11,121,13,21,46,DEN,33,16,111,18,20,52
0022500703,2026-02-01,ORL,25,22,103,15,19,44,SAS,32,16,112,17,22,61
0022500707,2026-02-01,SAC,12,38,112,14,15,44,WAS,12,35,116,17,23,54
0022500706,2026-02-01,UTA,15,34,100,24,21,68,TOR,29,21,107,19,23,50
0022500713,2026-02-02,HOU,30,17,118,16,17,65,IND,13,36,114,10,27,38
0022500714,2026-02-02,MIN,31,19,128,9,26,50,MEM,18,29,137,10,23,56
0022500712,2026-02-02,NOP,13,38,95,8,23,46,CHA,22,28,102,17,20,70
0022500715,2026-02-02,PHI,27,21,128,6,22,48,LAC,23,25,113,14,19,44
0022500720,2026-02-03,ATL,24,27,127,9,22,56,MIA,27,24,115,13,15,60
0022500721,2026-02-03,BOS,31,18,110,10,21,53,DAL,19,30,100,9,11,56
0022500722,2026-02-03,CHI,24,26,115,10,14,52,MIL,18,29,131,14,20,61
0022500716,2026-02-03,DEN,33,17,121,10,22,51,DET,36,12,124,9,28,56
0022500719,2026-02-03,LAL,29,19,125,12,13,53,BKN,13,35,109,20,22,55
0022500718,2026-02-03,NYK,31,18,132,9,23,55,WAS,13,35,101,13,24,57
0022500723,2026-02-03,ORL,25,23,92,16,24,44,OKC,39,11,128,11,15,63
0022500724,2026-02-03,PHI,28,21,113,13,6,61,GSW,27,23,94,20,16,38
0022500725,2026-02-03,PHX,30,20,130,11,19,50,POR,23,27,125,17,16,57
0022500717,2026-02-03,UTA,15,35,131,10,17,45,IND,13,37,122,15,18,49
0022500728,2026-02-04,BOS,32,18,114,15,18,65,HOU,31,17,93,10,20,45
0022500732,2026-02-04,CLE,30,21,124,9,12,49,LAC,23,26,91,24,13,48
0022500726,2026-02-04,DEN,33,18,127,16,21,65,NYK,32,18,134,12,23,53
0022500731,2026-02-04,MEM,19,29,129,13,26,53,SAC,12,39,125,13,21,58
0022500727,2026-02-04,MIN,31,20,128,10,20,59,TOR,30,21,126,13,21,50
0022500729,2026-02-04,NOP,13,39,137,8,14,44,MIL,19,29,141,15,18,50
0022500730,2026-02-04,OKC,40,11,106,14,16,49,SAS,33,16,116,14,15,73
0022500734,2026-02-05,BKN,13,36,98,19,24,46,ORL,25,24,118,17,21,57
0022500737,2026-02-05,CHA,23,28,109,22,15,56,HOU,31,18,99,18,16,48
0022500736,2026-02-05,CHI,24,27,107,17,13,47,TOR,30,22,123,12,11,44
0022500739,2026-02-05,GSW,27,24,101,15,12,53,PHX,31,20,97,12,16,42
0022500740,2026-02-05,PHI,29,21,115,15,23,33,LAL,30,19,119,22,17,49
0022500738,2026-02-05,SAS,34,16,135,14,18,58,DAL,19,31,123,9,20,47
0022500735,2026-02-05,UTA,16,35,119,11,24,61,ATL,25,27,121,10,19,56
0022500733,2026-02-05,WAS,13,36,126,17,26,49,DET,37,12,117,15,17,56
0022500743,2026-02-06,IND,13,38,99,9,12,43,MIL,20,29,105,12,17,58
0022500746,2026-02-06,LAC,23,27,114,16,18,46,SAC,12,40,111,11,22,49
0022500745,2026-02-06,MEM,20,29,115,16,18,45,POR,23,28,135,18,17,49
0022500741,2026-02-06,MIA,27,25,96,12,18,51,BOS,33,18,98,16,16,59
0022500744,2026-02-06,NOP,13,40,119,16,20,49,MIN,32,20,115,10,18,52
0022500742,2026-02-06,NYK,33,18,80,15,16,48,DET,37,13,118,13,21,49
0022500751,2026-02-07,CHA,24,28,126,16,16,56,ATL,26,27,119,10,20,40
0022500756,2026-02-07,CLE,31,21,132,12,14,51,SAC,12,41,126,15,21,47
0022500749,2026-02-07,DAL,19,32,125,7,16,51,SAS,35,16,138,18,17,65
0022500752,2026-02-07,DEN,33,19,136,14,18,53,CHI,24,28,120,17,24,47
0022500753,2026-02-07,GSW,28,24,99,13,25,44,LAL,31,19,105,23,14,53
0022500748,2026-02-07,HOU,31,19,112,15,23,52,OKC,40,12,106,17,21,55
0022500755,2026-02-07,MEM,20,30,115,15,15,46,POR,24,28,122,17,21,56
0022500754,2026-02-07,PHI,29,22,109,18,25,56,PHX,31,21,103,14,23,44
0022500750,2026-02-07,UTA,16,36,117,24,25,62,ORL,26,24,120,14,18,47
0022500747,2026-02-07,WAS,14,36,113,16,21,39,BKN,13,37,127,13,23,52
0022500759,2026-02-08,IND,13,39,104,19,24,46,TOR,31,22,122,13,19,66
0022500760,2026-02-08,LAC,24,27,115,15,22,42,MIN,32,21,96,21,22,54
0022500758,2026-02-08,MIA,27,26,132,16,19,65,WAS,14,37,101,19,12,52
0022500757,2026-02-08,NYK,33,19,111,8,18,57,BOS,34,18,89,10,21,54
0022500765,2026-02-09,ATL,26,28,116,19,19,61,MIN,32,22,138,15,19,51
0022500762,2026-02-09,CHI,24,29,115,18,22,51,BKN,14,37,123,20,22,60
0022500767,2026-02-09,CLE,32,21,119,12,29,47,DEN,34,19,117,14,23,61
0022500761,2026-02-09,DET,38,13,110,10,20,50,CHA,25,28,104,21,26,49
0022500768,2026-02-09,MEM,20,31,113,18,18,47,GSW,28,25,114,23,17,44
0022500764,2026-02-09,MIL,21,29,99,20,22,45,ORL,27,24,118,11,19,52
0022500769,2026-02-09,OKC,40,13,119,16,19,58,LAL,32,19,110,15,21,45
0022500770,2026-02-09,PHI,30,22,118,14,22,45,POR,25,28,135,18,25,60
0022500766,2026-02-09,SAC,12,42,94,17,13,63,NOP,14,40,120,13,19,47
0022500763,2026-02-09,UTA,16,37,115,12,25,63,MIA,28,26,111,14,22,55
0022500773,2026-02-10,DAL,19,33,111,16,12,53,PHX,31,22,120,14,27,56
0022500771,2026-02-10,IND,13,40,137,11,23,54,NYK,34,19,134,12,30,57
0022500772,2026-02-10,LAC,25,27,95,12,18,55,HOU,32,19,102,18,15,52
0022500774,2026-02-10,SAS,36,16,136,13,19,52,LAL,32,20,108,18,20,43
0022500775,2026-02-11,ATL,26,29,107,13,21,54,CHA,25,29,110,16,23,60
0022500778,2026-02-11,CHI,24,30,105,13,18,41,BOS,34,19,124,14,15,61
0022500781,2026-02-11,DET,39,13,113,16,21,63,TOR,32,22,95,17,20,38
0022500779,2026-02-11,IND,14,40,115,12,18,48,BKN,15,37,110,17,18,59
0022500782,2026-02-11,LAC,25,28,105,11,15,39,HOU,33,19,102,21,17,55
0022500787,2026-02-11,MEM,20,32,116,6,32,38,DEN,34,20,122,15,19,61
0022500784,2026-02-11,MIA,28,27,123,8,15,66,NOP,15,40,111,13,24,56
0022500777,2026-02-11,MIL,21,30,116,16,15,57,ORL,28,24,108,9,24,35
0022500780,2026-02-11,NYK,34,20,138,15,16,61,PHI,30,23,89,18,19,47
0022500785,2026-02-11,OKC,41,13,136,8,8,47,PHX,32,22,109,12,12,48
0022500783,2026-02-11,POR,26,28,109,26,22,56,MIN,33,22,133,15,21,49
0022500786,2026-02-11,SAC,12,43,93,13,15,48,UTA,17,37,121,18,22,57
0022500788,2026-02-11,SAS,37,16,126,10,18,54,GSW,29,25,113,12,24,51
0022500776,2026-02-11,WAS,14,38,113,15,21,46,CLE,33,21,138,21,15,63
0022500791,2026-02-12,DAL,19,34,104,15,18,42,LAL,32,21,124,13,20,47
0022500789,2026-02-12,MIL,22,30,110,11,17,58,OKC,42,13,93,16,8,52
0022500790,2026-02-12,POR,26,29,135,21,23,59,UTA,18,37,119,19,27,46
0022500794,2026-02-19,ATL,26,30,117,14,24,66,PHI,30,24,107,16,28,54
0022500793,2026-02-19,BKN,15,38,84,12,19,49,CLE,34,21,112,14,13,65
0022500799,2026-02-19,BOS,35,19,121,13,6,59,GSW,29,26,110,9,11,47
0022500801,2026-02-19,DEN,35,20,114,17,24,54,LAC,26,28,115,14,23,53
0022500796,2026-02-19,DET,40,13,126,15,20,53,NYK,35,20,111,12,22,48
0022500792,2026-02-19,HOU,33,20,105,11,15,43,CHA,26,29,101,16,12,52
0022500795,2026-02-19,IND,15,40,105,23,22,61,WAS,14,39,112,10,17,56
0022500800,2026-02-19,ORL,28,25,131,10,17,49,SAC,12,44,94,19,16,54
0022500798,2026-02-19,PHX,32,23,94,13,16,58,SAS,38,16,121,12,12,55
0022500797,2026-02-19,TOR,32,23,110,14,20,55,CHI,24,31,101,23,18,55
0022500808,2026-02-20,BKN,15,39,86,21,23,48,OKC,42,14,105,19,20,58
0022500802,2026-02-20,CLE,35,21,118,12,21,45,CHA,26,30,113,14,23,52
0022500806,2026-02-20,DAL,19,35,111,12,18,57,MIN,34,22,122,19,22,66
0022500810,2026-02-20,DEN,35,21,157,16,22,66,POR,27,29,103,18,21,44
0022500803,2026-02-20,IND,15,41,118,21,16,48,WAS,15,39,131,18,15,51
0022500809,2026-02-20,LAC,27,28,122,16,21,51,LAL,33,21,125,12,24,39
0022500805,2026-02-20,MIA,29,27,128,9,21,63,ATL,27,30,97,13,16,54
0022500807,2026-02-20,MIL,23,30,139,15,18,45,NOP,15,41,118,14,17,45
0022500804,2026-02-20,UTA,18,38,114,24,24,58,MEM,20,33,123,17,16,55
0022500814,2026-02-21,DET,41,13,126,14,20,60,CHI,24,32,110,23,17,52
0022500816,2026-02-21,HOU,34,20,106,20,20,57,NYK,35,21,108,12,19,36
0022500813,2026-02-21,MEM,21,33,120,13,22,49,MIA,30,27,136,18,21,64
0022500811,2026-02-21,ORL,29,25,110,16,22,66,PHX,32,24,113,9,20,78
0022500812,2026-02-21,PHI,30,25,111,11,25,58,NOP,15,42,126,15,25,57
0022500815,2026-02-21,SAC,12,45,122,12,20,42,SAS,39,16,139,18,20,60
0022500818,2026-02-22,BKN,15,40,104,13,18,42,ATL,27,31,115,17,16,60
0022500823,2026-02-22,BOS,36,19,111,14,19,61,LAL,34,21,89,8,20,47
0022500822,2026-02-22,CHA,26,31,129,12,17,60,WAS,16,39,112,11,17,40
0022500817,2026-02-22,CLE,36,21,113,17,23,54,OKC,43,14,121,16,19,50
0022500821,2026-02-22,DAL,19,36,134,11,15,61,IND,15,42,130,16,23,45
0022500820,2026-02-22,DEN,36,21,117,17,11,52,GSW,29,27,128,18,25,50
0022500825,2026-02-22,NYK,36,21,105,13,17,58,CHI,24,33,99,17,17,55
0022500827,2026-02-22,ORL,29,26,111,12,21,49,LAC,27,29,109,10,19,49
0022500824,2026-02-22,PHI,30,26,135,11,23,52,MIN,35,22,108,21,15,45
0022500826,2026-02-22,POR,27,30,92,21,11,53,PHX,33,24,77,23,16,49
0022500819,2026-02-22,TOR,33,23,122,8,19,53,MIL,24,30,94,19,17,56
0022500829,2026-02-23,SAC,12,46,123,15,15,55,MEM,21,34,114,18,18,46
0022500828,2026-02-23,SAS,40,16,114,16,23,67,DET,42,13,103,16,19,69
0022500830,2026-02-23,UTA,18,39,105,12,10,48,HOU,34,21,125,27,20,59
0022500839,2026-02-24,BOS,37,19,97,11,13,70,PHX,33,25,81,8,16,40
0022500836,2026-02-24,CHA,27,31,131,17,14,56,CHI,24,34,99,21,12,40
0022500833,2026-02-24,DAL,20,36,123,16,19,48,BKN,15,41,114,11,21,39
0022500838,2026-02-24,GSW,30,27,109,21,22,68,NOP,16,42,113,17,20,59
0022500837,2026-02-24,MIA,31,27,117,16,18,60,MIL,24,31,128,11,21,53
0022500841,2026-02-24,MIN,35,23,124,16,25,46,POR,28,30,121,16,17,55
0022500835,2026-02-24,NYK,37,21,94,17,23,58,CLE,36,22,109,11,19,58
0022500834,2026-02-24,OKC,44,14,116,19,19,59,TOR,34,23,107,16,22,45
0022500840,2026-02-24,ORL,30,26,110,11,21,56,LAL,34,22,109,12,19,52
0022500831,2026-02-24,PHI,31,26,135,13,21,49,IND,15,43,114,18,19,52
0022500832,2026-02-24,WAS,16,40,98,20,19,49,ATL,28,31,119,11,18,71
0022500847,2026-02-25,BOS,38,19,84,14,20,55,DEN,36,22,103,9,18,66
0022500846,2026-02-25,CLE,37,22,116,11,10,53,MIL,25,31,118,13,20,42
0022500844,2026-02-25,GSW,30,28,133,16,21,56,MEM,21,35,112,16,17,39
0022500842,2026-02-25,OKC,45,14,116,14,20,47,DET,42,14,124,17,21,59
0022500845,2026-02-25,SAC,13,46,97,12,15,52,HOU,35,21,128,13,14,50
0022500843,2026-02-25,SAS,41,16,110,13,20,53,TOR,34,24,107,13,21,61
0022500848,2026-02-26,CHA,28,31,133,17,19,53,IND,15,44,109,12,15,41
0022500852,2026-02-26,HOU,36,21,113,13,17,47,ORL,31,26,108,12,16,52
0022500855,2026-02-26,LAL,34,23,110,13,15,48,PHX,33,26,113,12,23,43
0022500849,2026-02-26,MIA,31,28,117,14,14,50,PHI,32,26,124,14,22,54
0022500857,2026-02-26,MIN,36,23,94,13,19,50,LAC,27,30,88,19,17,52
0022500856,2026-02-26,NOP,17,42,129,18,23,50,UTA,18,40,118,18,21,49
0022500853,2026-02-26,POR,28,31,121,12,19,51,CHI,24,35,112,22,24,53
0022500854,2026-02-26,SAC,13,47,130,5,22,51,DAL,21,36,121,18,16,53
0022500851,2026-02-26,SAS,42,16,126,9,19,45,BKN,15,42,110,15,19,55
0022500850,2026-02-26,WAS,16,41,96,14,22,46,ATL,29,31,126,14,17,71
0022500859,2026-02-27,BKN,15,43,111,12,25,32,BOS,38,20,148,12,17,49
0022500858,2026-02-27,CLE,37,23,119,18,24,54,DET,43,14,122,16,27,67
0022500862,2026-02-27,DEN,37,22,121,18,22,59,OKC,45,15,127,12,17,63
0022500861,2026-02-27,MEM,21,36,124,11,26,48,DAL,21,37,105,21,13,64
0022500860,2026-02-27,NYK,37,22,127,11,20,51,MIL,26,31,98,16,16,44
0022500864,2026-02-28,HOU,37,21,105,11,18,59,MIA,31,29,115,14,18,54
0022500866,2026-02-28,LAL,34,24,129,10,11,59,GSW,31,28,101,11,19,42
0022500867,2026-02-28,NOP,18,42,115,19,24,70,UTA,18,41,105,7,20,52
0022500863,2026-02-28,POR,29,31,93,17,20,53,CHA,29,31,109,16,22,66
0022500865,2026-02-28,TOR,34,25,134,10,22,41,WAS,16,42,125,14,20,45
0022500869,2026-03-01,CLE,37,24,106,17,21,48,BKN,15,44,102,17,28,44
0022500875,2026-03-01,DET,44,14,106,14,21,67,ORL,31,27,92,19,17,45
0022500872,2026-03-01,MEM,22,36,125,13,16,49,IND,15,45,106,19,14,45
0022500870,2026-03-01,MIL,26,32,97,19,19,54,CHI,24,36,120,18,14,57
0022500871,2026-03-01,MIN,37,23,117,14,21,46,DEN,37,23,108,14,14,54
0022500877,2026-03-01,NOP,19,42,117,17,21,54,LAC,27,31,137,9,22,46
0022500876,2026-03-01,OKC,46,15,100,9,17,55,DAL,21,38,87,17,18,58
0022500874,2026-03-01,PHI,33,26,98,6,17,46,BOS,39,20,114,15,19,68
0022500873,2026-03-01,POR,29,32,101,17,15,47,ATL,30,31,135,15,25,60
0022500878,2026-03-01,SAC,14,47,104,20,16,57,LAL,35,24,128,10,12,45
0022500868,2026-03-01,SAS,43,16,89,22,21,50,NYK,38,22,114,14,19,65
0022500880,2026-03-02,BOS,40,20,108,11,16,63,MIL,26,33,81,16,13,47
0022500881,2026-03-02,DEN,37,24,128,15,20,47,UTA,18,42,125,9,28,38
0022500879,2026-03-02,HOU,37,22,123,21,17,68,WAS,16,43,118,13,24,36
0022500882,2026-03-02,LAC,28,31,114,14,17,60,GSW,31,29,101,14,17,48
0022500886,2026-03-03,BKN,15,45,98,19,19,54,MIA,32,29,124,12,19,53
0022500883,2026-03-03,DAL,21,39,90,15,20,57,CHA,30,31,117,15,31,53
0022500884,2026-03-03,DET,45,14,109,14,23,53,CLE,38,24,113,10,20,47
0022500890,2026-03-03,MEM,23,36,110,17,26,36,MIN,38,23,117,18,24,65
0022500891,2026-03-03,NOP,19,43,101,19,24,49,LAL,36,24,110,22,17,54
0022500887,2026-03-03,NYK,39,22,111,18,17,51,TOR,35,25,95,15,15,31
0022500889,2026-03-03,OKC,47,15,116,9,14,57,CHI,25,36,108,19,22,61
0022500892,2026-03-03,PHX,34,26,114,19,13,60,SAC,14,48,103,14,14,49
0022500888,2026-03-03,SAS,43,17,131,17,20,58,PHI,33,27,91,14,16,53
0022500885,2026-03-03,WAS,16,44,109,14,24,57,ORL,31,28,126,9,22,42
0022500897,2026-03-04,ATL,31,31,131,11,17,49,MIL,26,34,113,15,15,48
0022500894,2026-03-04,CHA,31,31,118,5,19,48,BOS,41,20,89,16,14,55
0022500898,2026-03-04,IND,15,46,107,13,23,46,LAC,29,31,130,11,24,55
0022500893,2026-03-04,OKC,48,15,103,16,22,46,NYK,40,22,100,14,25,56
0022500896,2026-03-04,POR,29,33,122,17,22,61,MEM,23,37,114,17,23,52
0022500895,2026-03-04,UTA,18,43,102,15,24,51,PHI,33,28,106,15,17,55
0022500901,2026-03-05,BKN,15,46,110,20,19,57,MIA,33,29,126,14,20,49
0022500905,2026-03-05,CHI,25,37,105,13,22,58,PHX,35,26,103,15,19,61
0022500899,2026-03-05,DAL,21,40,114,13,18,53,ORL,32,28,115,12,21,56
0022500904,2026-03-05,DET,45,15,106,10,23,51,SAS,44,17,121,9,20,55
0022500902,2026-03-05,GSW,31,30,115,19,23,50,HOU,38,22,113,18,17,59
0022500906,2026-03-05,LAL,37,24,113,10,22,38,DEN,38,24,120,18,16,49
0022500907,2026-03-05,NOP,19,44,133,12,18,61,SAC,14,49,123,7,19,49
0022500903,2026-03-05,TOR,35,26,107,14,19,44,MIN,39,23,115,13,23,52
0022500900,2026-03-05,UTA,18,44,122,12,23,49,WAS,16,45,112,19,20,53
0022500908,2026-03-06,DAL,21,41,100,10,16,49,BOS,41,21,120,10,11,66
0022500914,2026-03-06,IND,15,47,117,7,19,52,LAL,37,25,128,13,22,49
0022500913,2026-03-06,LAC,30,31,112,10,15,47,SAS,45,17,116,13,17,57
0022500909,2026-03-06,MIA,34,29,128,6,14,57,CHA,32,31,120,13,18,58
0022500912,2026-03-06,NOP,20,44,116,15,24,55,PHX,35,27,118,15,23,56
0022500911,2026-03-06,NYK,40,23,142,11,24,56,DEN,39,24,103,15,19,44
0022500910,2026-03-06,POR,30,33,99,16,20,56,HOU,38,23,106,22,25,53
0022500916,2026-03-07,BKN,15,47,107,20,24,53,DET,45,16,105,14,22,50
0022500920,2026-03-07,GSW,32,30,97,13,18,57,OKC,49,15,104,14,18,49
0022500918,2026-03-07,LAC,30,32,123,16,20,57,MEM,23,38,120,15,29,42
0022500915,2026-03-07,ORL,33,28,119,15,24,69,MIN,40,23,92,12,21,47
0022500917,2026-03-07,PHI,34,28,116,21,21,42,ATL,32,31,125,21,18,45
0022500919,2026-03-07,UTA,19,44,99,12,19,60,MIL,26,35,113,11,20,59
0022500921,2026-03-08,BOS,42,21,109,12,20,56,CLE,39,24,98,9,19,52
0022500928,2026-03-08,CHA,32,32,99,13,21,53,PHX,36,27,111,8,17,50
0022500930,2026-03-08,CHI,26,37,110,14,19,57,SAC,14,50,126,4,21,63
0022500924,2026-03-08,DAL,21,42,92,19,20,57,TOR,35,27,122,8,19,54
0022500923,2026-03-08,DET,45,17,110,12,23,48,MIA,35,29,121,12,23,60
0022500927,2026-03-08,HOU,39,23,120,12,23,46,SAS,46,17,145,8,26,46
0022500929,2026-03-08,IND,15,48,111,12,22,54,POR,30,34,131,14,19,61
0022500922,2026-03-08,NYK,41,23,97,19,23,54,LAL,38,25,110,14,20,46
0022500926,2026-03-08,ORL,34,28,130,15,19,58,MIL,27,35,91,17,24,43
0022500925,2026-03-08,WAS,16,46,118,17,31,51,NOP,20,45,138,8,20,57
0022500933,2026-03-09,DEN,39,25,126,8,20,70,OKC,50,15,129,3,20,43
0022500934,2026-03-09,GSW,32,31,116,10,20,53,UTA,19,45,119,17,17,55
0022500932,2026-03-09,MEM,23,39,115,15,15,48,BKN,16,47,126,20,21,50
0022500935,2026-03-09,NYK,41,24,118,20,23,61,LAC,31,32,126,8,19,41
0022500931,2026-03-09,PHI,34,29,101,17,21,53,CLE,39,25,115,10,16,48
0022500942,2026-03-10,BOS,43,21,116,8,18,41,SAS,47,17,125,12,19,60
0022500944,2026-03-10,CHA,32,33,103,17,20,60,POR,31,34,101,18,24,51
0022500943,2026-03-10,CHI,26,38,130,14,18,71,GSW,32,32,124,12,18,58
0022500939,2026-03-10,DAL,21,43,112,14,16,49,ATL,33,31,124,10,18,53
0022500937,2026-03-10,DET,45,18,138,9,24,53,BKN,17,47,100,19,29,37
0022500945,2026-03-10,IND,15,49,109,15,23,54,SAC,15,50,114,11,18,59
0022500936,2026-03-10,MEM,23,40,129,20,31,53,PHI,34,30,139,11,25,52
0022500946,2026-03-10,MIN,40,24,106,11,24,52,LAL,39,25,120,7,20,52
0022500941,2026-03-10,PHX,37,27,129,12,20,45,MIL,27,36,114,17,13,44
0022500940,2026-03-10,TOR,36,27,99,13,23,37,HOU,39,24,113,18,20,60
0022500938,2026-03-10,WAS,16,47,129,24,34,47,MIA,36,29,150,17,22,61
0022500951,2026-03-11,CHA,33,33,117,16,12,52,SAC,16,50,109,14,18,40
0022500947,2026-03-11,CLE,40,25,122,10,22,52,ORL,35,28,128,6,23,54
0022500950,2026-03-11,HOU,40,24,93,16,18,61,DEN,39,26,129,10,16,50
0022500952,2026-03-11,MIN,40,25,128,21,25,32,LAC,32,32,153,10,24,41
0022500949,2026-03-11,NYK,41,25,134,12,16,48,UTA,20,45,117,15,20,47
0022500948,2026-03-11,TOR,36,28,111,11,17,48,NOP,21,45,122,16,16,62
0022500956,2026-03-12,BKN,17,48,97,20,29,43,ATL,34,31,108,12,14,63
0022500959,2026-03-12,BOS,43,22,102,13,18,53,OKC,51,15,104,12,18,48
0022500960,2026-03-12,CHI,27,38,130,16,18,50,LAL,40,25,142,10,16,50
0022501111,2026-03-12,DAL,21,44,120,20,18,70,MEM,23,41,112,10,18,48
0022500958,2026-03-12,DEN,40,26,136,10,21,50,SAS,48,17,131,10,26,57
0022500957,2026-03-12,MIL,27,37,105,14,30,44,MIA,37,29,112,12,14,63
0022500953,2026-03-12,PHI,35,30,109,16,17,48,DET,46,18,131,17,21,49
0022500954,2026-03-12,PHX,38,27,123,14,21,51,IND,15,50,108,16,19,44
0022500955,2026-03-12,WAS,16,48,131,15,27,56,ORL,36,28,136,13,22,64
0022500968,2026-03-13,CHI,27,39,108,15,19,56,LAC,33,32,119,6,13,56
0022500965,2026-03-13,CLE,40,26,138,14,22,48,DAL,22,44,105,19,14,47
0022500961,2026-03-13,MEM,23,42,110,17,20,44,DET,47,18,126,19,19,58
0022500966,2026-03-13,MIN,40,26,127,17,19,55,GSW,32,33,117,9,20,45
0022500964,2026-03-13,NOP,22,45,105,13,19,54,HOU,40,25,107,12,21,59
0022500962,2026-03-13,NYK,42,25,101,12,22,58,IND,15,51,92,11,22,56
0022500963,2026-03-13,PHX,39,27,115,12,21,44,TOR,36,29,122,12,27,51
0022500967,2026-03-13,UTA,20,46,114,18,17,47,POR,31,35,124,24,20,52
0022500969,2026-03-14,BKN,17,49,97,17,22,52,PHI,35,31,104,14,16,59
0022500973,2026-03-14,CHA,34,33,102,12,21,50,SAS,48,18,115,13,20,63
0022500974,2026-03-14,DEN,41,26,125,16,22,52,LAL,41,25,127,17,20,59
0022500970,2026-03-14,MIL,27,38,99,23,19,45,ATL,35,31,122,13,20,51
0022500972,2026-03-14,ORL,37,28,121,20,23,59,MIA,38,29,117,11,21,41
0022500975,2026-03-14,SAC,16,51,118,21,25,52,LAC,34,32,109,13,13,40
0022500971,2026-03-14,WAS,16,49,100,15,18,47,BOS,43,23,111,15,20,62
0022500977,2026-03-15,DAL,22,45,130,13,21,50,CLE,41,26,120,16,21,46
0022500978,2026-03-15,DET,48,18,108,13,26,46,TOR,37,29,119,13,21,60
0022500981,2026-03-15,GSW,32,34,107,18,20,40,NYK,43,25,110,15,15,51
0022500979,2026-03-15,IND,15,52,123,19,15,48,MIL,27,39,134,9,17,43
0022500976,2026-03-15,MIN,41,26,103,25,19,58,OKC,52,15,116,7,17,51
0022500980,2026-03-15,POR,32,35,103,19,15,58,PHI,36,31,109,14,19,62
0022500982,2026-03-15,UTA,20,47,111,15,17,48,SAC,17,51,116,18,19,55
0022500988,2026-03-16,DAL,23,45,111,12,22,58,NOP,22,46,129,14,16,66
0022500984,2026-03-16,GSW,32,35,125,17,21,48,WAS,16,50,117,21,25,45
0022500989,2026-03-16,LAL,42,25,100,12,18,41,HOU,41,25,92,24,18,55
0022500987,2026-03-16,MEM,23,43,107,18,18,45,CHI,27,40,132,17,16,55
0022500983,2026-03-16,ORL,38,28,112,11,19,51,ATL,36,31,124,14,20,67
0022500986,2026-03-16,PHX,39,28,112,10,20,46,BOS,44,23,120,14,21,48
0022500985,2026-03-16,POR,32,36,114,19,25,55,BKN,17,50,95,17,24,56
0022500990,2026-03-16,SAS,49,18,119,15,23,60,LAC,34,33,115,14,23,51
0022500995,2026-03-17,CLE,41,27,123,7,20,55,MIL,28,39,116,8,23,49
0022500993,2026-03-17,DET,48,19,130,13,23,57,WAS,16,51,117,14,24,42
0022500994,2026-03-17,IND,15,53,110,18,15,40,NYK,44,25,136,9,12,52
0022500991,2026-03-17,MIA,38,30,106,15,22,54,CHA,34,34,136,14,25,56
0022500992,2026-03-17,OKC,53,15,113,12,16,62,ORL,38,29,108,12,19,50
0022500997,2026-03-17,PHI,37,31,96,13,26,48,DEN,41,27,124,14,18,63
0022500996,2026-03-17,PHX,39,29,104,14,23,57,MIN,41,27,116,18,20,59
0022500998,2026-03-17,SAS,50,18,132,6,11,55,SAC,18,51,104,8,14,50
0022501006,2026-03-18,ATL,37,31,135,11,21,48,DAL,23,46,120,19,12,53
0022500651,2026-03-18,DEN,42,27,118,19,25,57,MEM,23,44,125,10,17,58
0022500999,2026-03-18,GSW,33,35,99,14,17,51,BOS,45,23,120,16,20,59
0022501005,2026-03-18,LAC,34,34,109,16,17,39,NOP,23,46,124,19,14,48
0022501007,2026-03-18,LAL,43,25,124,14,20,44,HOU,41,26,116,12,21,44
0022501000,2026-03-18,OKC,54,15,121,19,20,52,BKN,17,51,92,23,21,53
0022501001,2026-03-18,POR,33,36,127,13,16,65,IND,15,54,119,12,24,43
0022501002,2026-03-18,TOR,38,29,139,18,23,51,CHI,28,40,109,19,25,42
0022501004,2026-03-18,UTA,20,48,111,24,23,56,MIN,42,27,147,17,23,55
0022501011,2026-03-19,CLE,42,27,115,16,17,65,CHI,28,41,110,16,24,56
0022501009,2026-03-19,DET,49,19,117,10,14,67,WAS,16,52,95,19,21,42
0022501012,2026-03-19,LAC,34,35,99,16,21,50,NOP,24,46,105,16,19,50
0022501010,2026-03-19,LAL,44,25,134,13,20,54,MIA,38,31,126,11,26,47
0022501014,2026-03-19,MIL,28,40,96,20,19,41,UTA,20,49,128,17,19,58
0022501008,2026-03-19,ORL,38,30,111,14,26,45,CHA,35,34,130,22,24,54
0022501015,2026-03-19,PHI,37,32,139,9,22,61,SAC,18,52,118,14,18,50
0022501013,2026-03-19,PHX,39,30,100,11,21,56,SAS,51,18,101,14,19,52
0022501018,2026-03-20,ATL,38,31,95,18,21,45,HOU,41,27,117,20,13,60
0022501019,2026-03-20,BOS,46,23,117,13,20,62,MEM,24,44,112,9,23,43
0022501017,2026-03-20,GSW,33,36,101,26,18,48,DET,50,19,115,15,21,51
0022501016,2026-03-20,NYK,45,25,93,22,15,63,BKN,17,52,92,15,28,45
0022501020,2026-03-20,POR,34,36,108,17,23,60,MIN,43,27,104,13,20,57
0022501021,2026-03-20,TOR,39,29,115,10,25,45,DEN,42,28,121,10,20,47
0022501025,2026-03-21,CLE,43,27,111,14,17,63,NOP,25,46,106,9,19,45
0022501026,2026-03-21,GSW,33,37,110,21,21,40,ATL,38,32,126,18,17,50
0022501028,2026-03-21,IND,15,55,119,10,14,32,SAS,52,18,134,12,19,59
0022501029,2026-03-21,LAC,34,36,138,12,22,47,DAL,23,47,131,11,16,58
0022501024,2026-03-21,LAL,45,25,105,12,20,54,ORL,38,31,104,18,27,55
0022501023,2026-03-21,MEM,24,45,101,13,20,42,CHA,36,34,124,18,17,62
0022501027,2026-03-21,MIA,38,32,122,9,19,47,HOU,42,27,123,13,16,48
0022501031,2026-03-21,MIL,28,41,108,17,17,55,PHX,39,31,105,10,21,51
0022501022,2026-03-21,OKC,55,15,132,13,16,64,WAS,16,53,111,15,26,43
0022501030,2026-03-21,PHI,38,32,126,16,26,64,UTA,21,49,116,8,25,45
0022501033,2026-03-22,BKN,17,53,122,7,26,32,SAC,18,53,126,17,18,62
0022501035,2026-03-22,MIN,43,28,102,14,16,59,BOS,47,23,92,11,13,61
0022501032,2026-03-22,POR,35,36,112,11,16,53,DEN,43,28,128,11,19,50
0022501036,2026-03-22,TOR,39,30,98,20,18,42,PHX,39,32,120,19,20,46
0022501034,2026-03-22,WAS,16,54,113,15,20,36,NYK,46,25,145,14,13,55
0022501045,2026-03-23,BKN,17,54,99,22,33,41,POR,35,37,134,24,24,59
0022501044,2026-03-23,GSW,33,38,137,24,25,63,DAL,23,48,131,23,23,37
0022501042,2026-03-23,HOU,43,27,124,17,21,49,CHI,28,42,132,16,21,55
0022501039,2026-03-23,IND,15,56,128,9,21,38,ORL,38,32,126,11,18,54
0022501038,2026-03-23,LAL,46,25,110,13,19,50,DET,51,19,113,11,23,47
0022501037,2026-03-23,MEM,24,46,107,23,20,46,ATL,39,32,146,11,19,50
0022501046,2026-03-23,MIL,29,41,96,23,17,45,LAC,35,36,129,12,18,41
0022501040,2026-03-23,OKC,56,15,123,15,15,50,PHI,39,32,103,18,13,52
0022501041,2026-03-23,SAS,53,18,136,15,18,71,MIA,38,33,111,12,20,44
0022501043,2026-03-23,TOR,39,31,143,17,30,48,UTA,21,50,127,18,20,51
0022501050,2026-03-24,DEN,44,28,125,10,28,60,PHX,40,32,123,3,20,50
0022501048,2026-03-24,NOP,25,47,116,7,19,39,NYK,47,25,121,11,18,49
0022501049,2026-03-24,ORL,38,33,131,10,23,44,CLE,44,27,136,8,24,38
0022501047,2026-03-24,SAC,19,53,90,12,15,41,CHA,37,34,134,15,16,67
0022501051,2026-03-25,ATL,40,32,130,20,19,63,DET,52,19,129,14,20,51
0022501060,2026-03-25,BKN,17,55,106,17,30,36,GSW,34,38,109,26,22,52
0022501053,2026-03-25,CHI,29,42,137,14,21,54,PHI,39,33,157,8,24,55
0022501059,2026-03-25,DAL,23,49,135,4,22,48,DEN,45,28,142,9,27,55
0022501058,2026-03-25,HOU,43,28,108,21,15,62,MIN,44,28,110,17,23,61
0022501052,2026-03-25,LAL,46,26,137,14,23,52,IND,16,56,130,18,26,37
0022501055,2026-03-25,MIA,38,34,120,14,17,48,CLE,45,27,103,14,21,46
0022501061,2026-03-25,MIL,29,42,99,17,25,46,POR,36,37,130,21,13,60
0022501054,2026-03-25,OKC,57,15,109,7,23,40,BOS,47,24,119,13,21,56
0022501056,2026-03-25,SAS,54,18,123,15,18,65,MEM,24,47,98,12,18,44
0022501062,2026-03-25,TOR,40,31,94,11,20,55,LAC,36,36,119,11,14,53
0022501057,2026-03-25,WAS,16,55,133,19,26,63,UTA,21,51,110,15,17,51
0022501064,2026-03-26,NOP,25,48,108,15,20,54,DET,52,20,129,19,18,53
0022501063,2026-03-26,NYK,48,25,103,10,21,30,CHA,38,34,114,18,19,52
0022501065,2026-03-26,SAC,19,54,117,11,24,41,ORL,38,34,121,12,14,44
0022501067,2026-03-27,ATL,41,32,102,4,21,42,BOS,48,24,109,16,21,63
0022501075,2026-03-27,BKN,17,56,99,14,29,51,LAL,47,26,116,15,16,57
0022501070,2026-03-27,CHI,29,43,113,12,22,58,OKC,57,16,131,10,19,68
0022501074,2026-03-27,DAL,23,50,100,17,22,47,POR,37,37,93,25,24,65
0022501069,2026-03-27,HOU,43,29,119,14,14,68,MEM,24,48,109,11,20,43
0022501066,2026-03-27,LAC,37,36,114,12,19,56,IND,16,57,113,20,24,56
0022501068,2026-03-27,MIA,39,34,128,13,22,51,CLE,45,28,149,10,26,55
0022501071,2026-03-27,NOP,25,49,106,14,18,49,TOR,40,32,119,14,24,59
0022501072,2026-03-27,UTA,21,52,129,10,25,48,DEN,46,28,135,15,17,56
0022501073,2026-03-27,WAS,17,55,126,11,23,44,GSW,35,38,131,12,14,52
0022501079,2026-03-28,CHI,29,44,124,23,20,66,MEM,24,49,125,14,32,48
0022501080,2026-03-28,DET,53,20,109,20,25,59,MIN,45,28,87,15,13,51
0022501077,2026-03-28,PHI,40,33,118,9,25,53,CHA,39,34,114,9,22,66
0022501078,2026-03-28,SAC,19,55,113,15,18,49,ATL,41,33,123,13,12,51
0022501076,2026-03-28,SAS,55,18,127,11,6,55,MIL,29,43,95,19,19,41
0022501081,2026-03-28,UTA,21,53,109,14,18,47,PHX,40,33,134,13,18,68
0022501085,2026-03-29,BOS,49,24,114,7,18,50,CHA,39,35,99,12,17,49
0022501090,2026-03-29,GSW,36,38,93,15,18,48,DEN,47,28,116,12,18,48
0022501088,2026-03-29,HOU,44,29,134,8,18,66,NOP,25,50,102,11,19,51
0022501082,2026-03-29,LAC,38,36,127,16,19,44,MIL,29,44,113,22,30,32
0022501083,2026-03-29,MIA,39,35,118,7,17,47,IND,16,58,135,12,17,52
0022501089,2026-03-29,NYK,48,26,100,19,26,50,OKC,58,16,111,15,22,48
0022501086,2026-03-29,ORL,39,34,87,28,21,47,TOR,41,32,139,11,18,53
0022501084,2026-03-29,SAC,19,56,99,15,23,54,BKN,17,57,116,15,21,52
0022501087,2026-03-29,WAS,17,56,88,16,28,47,POR,37,38,123,14,25,63
0022501092,2026-03-30,BOS,50,24,102,15,18,58,ATL,42,33,112,11,21,53
0022501094,2026-03-30,CHI,29,45,114,11,20,47,SAS,56,18,129,12,14,65
0022501096,2026-03-30,CLE,46,28,122,12,17,54,UTA,21,54,113,15,23,46
0022501097,2026-03-30,DET,54,20,110,16,28,61,OKC,59,16,114,18,24,53
0022501095,2026-03-30,MIN,45,29,124,11,27,56,DAL,24,50,94,15,14,61
0022501091,2026-03-30,PHI,41,33,109,10,22,50,MIA,39,36,119,11,14,66
0022501093,2026-03-30,PHX,41,33,131,11,15,59,MEM,25,49,105,23,13,39
0022501098,2026-03-30,WAS,17,57,101,9,22,42,LAL,48,26,120,15,15,56
0022501100,2026-03-31,CHA,39,36,117,13,22,56,BKN,18,57,86,16,19,41
0022501103,2026-03-31,CLE,47,28,113,14,19,43,LAL,49,26,127,12,19,47
0022500652,2026-03-31,DAL,24,51,99,14,19,57,MIL,29,45,123,18,19,69
0022501102,2026-03-31,NYK,48,27,94,11,16,51,HOU,45,29,111,10,17,42
0022501099,2026-03-31,PHX,42,33,111,20,33,54,ORL,39,35,115,25,29,57
0022501104,2026-03-31,POR,38,38,114,17,18,56,LAC,39,36,104,14,15,38
0022501101,2026-03-31,TOR,42,32,116,14,22,48,DET,54,21,127,21,22,42
0022501107,2026-04-01,ATL,43,33,130,17,29,61,ORL,40,35,101,19,24,49
0022501106,2026-04-01,BOS,50,25,147,9,17,55,MIA,40,36,129,9,16,48
0022501112,2026-04-01,DEN,48,28,130,14,18,63,UTA,21,55,117,12,23,50
0022501109,2026-04-01,IND,17,58,145,14,22,46,CHI,29,46,126,20,14,56
0022501110,2026-04-01,MIL,30,45,113,15,16,51,HOU,46,29,119,8,13,50
0022501003,2026-04-01,NYK,48,28,130,19,19,55,MEM,25,50,119,14,23,31
0022501105,2026-04-01,PHI,41,34,153,11,18,49,WAS,17,58,131,12,15,41
0022501108,2026-04-01,SAC,19,57,123,14,22,56,TOR,42,33,115,11,21,43
0022501113,2026-04-01,SAS,57,18,127,15,20,58,GSW,36,39,113,15,26,44
0022501117,2026-04-02,CLE,47,29,118,15,15,54,GSW,36,40,111,12,20,52
0022501116,2026-04-02,LAL,50,26,96,18,10,46,OKC,60,16,139,10,18,57
0022501115,2026-04-02,MIN,46,29,108,14,20,48,DET,55,21,113,15,19,59
0022501118,2026-04-02,NOP,25,51,106,19,21,52,POR,39,38,118,16,18,54
0022501114,2026-04-02,PHX,42,34,107,12,22,40,CHA,40,36,127,13,19,60
0022501119,2026-04-02,SAS,58,18,118,16,21,53,LAC,39,37,99,10,19,47
0022501122,2026-04-03,ATL,44,33,141,13,18,48,BKN,18,58,107,20,21,40
0022501126,2026-04-03,BOS,51,25,133,9,13,58,MIL,30,46,101,13,22,35
0022501123,2026-04-03,CHI,29,47,96,16,23,46,NYK,49,28,136,9,21,57
0022501120,2026-04-03,IND,18,58,108,12,18,53,CHA,41,36,129,10,18,54
0022501121,2026-04-03,MIN,46,30,103,12,21,54,PHI,42,34,115,16,16,63
0022501128,2026-04-03,NOP,25,52,113,13,18,42,SAC,20,57,117,15,16,55
0022501127,2026-04-03,ORL,40,36,138,17,26,51,DAL,24,52,127,13,26,50
0022501125,2026-04-03,TOR,42,34,128,16,21,58,MEM,25,51,96,20,31,52
0022501124,2026-04-03,UTA,21,56,106,13,21,57,HOU,47,29,140,11,18,53
0022501131,2026-04-04,DET,56,21,116,12,15,56,PHI,43,34,93,15,17,41
0022501130,2026-04-04,SAS,59,18,134,11,22,58,DEN,49,28,136,6,23,55
0022501129,2026-04-04,WAS,17,59,136,9,25,49,MIA,40,37,152,15,18,59
0022501137,2026-04-05,CHA,42,36,122,15,20,52,MIN,46,31,108,18,18,48
0022501142,2026-04-05,HOU,48,29,117,14,16,44,GSW,36,41,116,10,20,40
0022501136,2026-04-05,IND,18,59,108,10,15,53,CLE,48,29,117,10,20,59
0022501141,2026-04-05,LAC,39,38,138,15,20,45,SAC,21,57,109,20,19,50
0022501140,2026-04-05,LAL,50,27,128,12,23,58,DAL,24,53,134,7,24,43
0022501135,2026-04-05,MEM,25,52,115,14,21,46,MIL,30,47,131,20,19,56
0022501138,2026-04-05,ORL,41,36,112,13,24,68,NOP,25,53,108,15,27,53
0022501134,2026-04-05,PHX,42,35,120,16,22,47,CHI,29,48,110,19,23,59
0022501132,2026-04-05,TOR,43,34,101,15,16,42,BOS,52,25,115,18,19,51
0022501139,2026-04-05,UTA,21,57,111,16,13,50,OKC,61,16,146,16,13,51
0022501133,2026-04-05,WAS,17,60,115,23,18,51,BKN,18,59,121,11,20,42
0022501145,2026-04-06,CLE,49,29,142,13,12,64,MEM,25,53,126,13,27,36
0022501144,2026-04-06,DET,57,21,107,21,24,46,ORL,42,36,123,15,19,55
0022501143,2026-04-06,NYK,50,28,108,17,14,51,ATL,45,33,105,15,18,58
0022501146,2026-04-06,PHI,43,35,102,12,21,53,SAS,59,19,115,11,23,57
0022501147,2026-04-06,POR,40,38,132,18,24,50,DEN,50,28,137,12,26,55
0022501149,2026-04-07,CHA,43,36,102,13,16,46,BOS,53,25,113,14,13,53
0022501148,2026-04-07,CHI,29,49,129,13,22,57,WAS,17,61,98,22,19,56
0022501156,2026-04-07,DAL,25,53,103,9,20,62,LAC,40,38,116,15,18,63
0022501157,2026-04-07,HOU,49,29,119,19,30,64,PHX,43,35,105,19,20,41
0022501151,2026-04-07,MIA,41,37,95,15,16,53,TOR,43,35,121,12,19,62
0022501150,2026-04-07,MIL,31,47,90,20,20,52,BKN,19,59,96,14,13,42
0022501152,2026-04-07,MIN,46,32,124,20,22,47,IND,18,60,104,23,16,42
0022501155,2026-04-07,OKC,62,16,123,12,21,52,LAL,50,28,87,17,12,53
0022501154,2026-04-07,SAC,21,58,105,15,22,49,GSW,36,42,110,17,15,52
0022501153,2026-04-07,UTA,21,58,137,16,18,51,NOP,25,54,156,17,18,52
0022501158,2026-04-08,ATL,45,34,116,13,25,56,CLE,50,29,122,11,14,54
0022501164,2026-04-08,DAL,25,54,107,12,14,54,PHX,43,36,112,10,16,52
0022501162,2026-04-08,MEM,25,54,119,6,22,41,DEN,51,28,136,12,20,60
0022501160,2026-04-08,MIL,31,48,111,16,24,45,DET,57,22,137,12,21,50
0022501159,2026-04-08,MIN,47,32,120,16,21,41,ORL,43,36,132,17,18,56
0022501163,2026-04-08,OKC,63,16,128,13,23,51,LAC,41,38,110,13,18,44
0022501161,2026-04-08,POR,40,39,101,16,16,53,SAS,60,19,112,17,14,53
0022501168,2026-04-09,BOS,54,25,106,11,16,48,NYK,51,28,112,7,17,42
0022501166,2026-04-09,CHI,30,49,119,16,21,55,WAS,17,62,108,19,18,60
0022501167,2026-04-09,IND,18,61,123,12,16,68,BKN,20,59,94,10,21,51
0022501170,2026-04-09,LAL,50,29,119,19,14,36,GSW,37,42,103,19,8,40
0022501165,2026-04-09,MIA,41,38,114,15,25,41,TOR,44,35,128,6,15,51
0022501169,2026-04-09,PHI,43,36,102,16,24,53,HOU,50,29,113,15,18,61
0022501179,2026-04-10,BKN,20,60,108,11,13,43,MIL,31,49,125,17,15,49
0022501173,2026-04-10,CLE,51,29,102,19,20,47,ATL,45,35,124,13,18,57
0022501180,2026-04-10,DAL,25,55,120,7,19,42,SAS,61,19,139,11,15,58
0022501171,2026-04-10,DET,58,22,118,15,20,56,CHA,43,37,100,16,17,54
0022501184,2026-04-10,GSW,37,43,118,16,22,43,SAC,21,59,124,16,21,58
0022501183,2026-04-10,LAC,41,39,97,17,27,39,POR,40,40,116,15,15,60
0022501181,2026-04-10,MEM,25,55,101,20,15,55,UTA,21,59,147,16,9,73
0022501172,2026-04-10,MIA,41,39,140,19,20,52,WAS,17,63,117,14,17,35
0022501178,2026-04-10,MIN,47,33,136,8,21,37,HOU,51,29,132,13,18,49
0022501174,2026-04-10,NOP,26,54,118,13,19,58,BOS,54,26,144,14,26,53
0022501182,2026-04-10,OKC,64,16,107,13,15,52,DEN,52,28,127,17,10,55
0022501177,2026-04-10,ORL,44,36,127,15,23,58,CHI,31,49,103,20,20,54
0022501175,2026-04-10,PHI,43,37,105,8,14,62,IND,19,61,94,21,15,61
0022501185,2026-04-10,PHX,44,36,73,23,19,56,LAL,51,29,101,11,18,45
0022501176,2026-04-10,TOR,45,35,95,18,25,40,NYK,52,28,112,12,16,43
0022501189,2026-04-12,ATL,46,35,117,17,17,56,MIA,42,39,143,7,14,50
0022501192,2026-04-12,BKN,20,61,101,16,27,44,TOR,45,36,136,10,20,50
0022501190,2026-04-12,CHA,43,38,110,18,13,59,NYK,53,28,96,11,25,47
0022501193,2026-04-12,CHI,31,50,128,13,20,52,DAL,25,56,149,18,24,61
0022501197,2026-04-12,DEN,53,28,128,12,16,64,SAS,62,19,118,9,18,51
0022501188,2026-04-12,DET,59,22,133,18,18,57,IND,19,62,121,16,18,39
0022501199,2026-04-12,GSW,37,44,110,10,21,53,LAC,41,40,115,10,24,51
0022501194,2026-04-12,MEM,25,56,101,13,24,44,HOU,51,30,132,11,10,77
0022501191,2026-04-12,MIL,32,49,106,19,15,53,PHI,44,37,126,14,19,56
0022501195,2026-04-12,NOP,26,55,126,9,28,65,MIN,48,33,132,11,27,60
0022501186,2026-04-12,ORL,45,36,108,19,19,62,BOS,55,26,113,17,23,50
0022501196,2026-04-12,PHX,44,37,135,13,9,65,OKC,64,17,103,10,8,43
0022501200,2026-04-12,SAC,22,59,110,17,18,55,POR,41,40,122,12,21,53
0022501198,2026-04-12,UTA,22,59,107,16,14,49,LAL,52,29,131,17,20,59
0022501187,2026-04-12,WAS,17,64,117,13,21,38,CLE,51,30,130,20,18,62